first name,last name,fullname,postcode,phone number,email
Rosalia,Davis,Rosalia Davis,IP4 1NX,+15022287844,Rosalia_Davis@yahoo.com
Humberto,Mills,Humberto Mills,BA2 7SP,+19942517073,Humberto.Mills@hotmail.com
Sarai,Pagac,Sarai Pagac,FK4 1GF,+12643436664,Sarai.Pagac@hotmail.com
Magdalena,Jaskolski-Bashirian,Magdalena Jaskolski-Bashirian,CM2 9AP,+14003646345,Magdalena_Jaskolski-Bashirian@hotmail.com
Jay,D'Amore,Jay D'Amore,GL52 3LH,+12686158037,Jay.DAmore65@yahoo.com
Zella,D'Amore,Zella D'Amore,DE72 3QS,+14823636421,Zella_DAmore60@gmail.com
Laron,Heaney,Laron Heaney,GL53 9BT,+15149051400,Laron.Heaney@gmail.com
Sigmund,Sawayn,Sigmund Sawayn,SO22 4LQ,+19354165286,Sigmund.Sawayn67@gmail.com
Roberto,Hirthe,Roberto Hirthe,SE18 7LD,+17879379801,Roberto.Hirthe@gmail.com
Sylvia,Miller,Sylvia Miller,CV47 2YX,+12485998340,Sylvia.Miller4@yahoo.com
Karl,Blick,Karl Blick,SE6 1QA,+16362266122,Karl.Blick@gmail.com
Lila,Rutherford,Lila Rutherford,BA14 0JY,+18776333256,Lila_Rutherford20@gmail.com
Kristin,Pfeffer,Kristin Pfeffer,SR2 7EN,+18868096426,Kristin.Pfeffer@yahoo.com
Henriette,Grimes,Henriette Grimes,OX4 3SU,+18262090993,Henriette.Grimes@yahoo.com
Ashlee,Swift-Kohler,Ashlee Swift-Kohler,BD21 4PD,+13736898831,Ashlee.Swift-Kohler28@yahoo.com
D'angelo,Nicolas,D'angelo Nicolas,S9 5BA,+19668708041,Dangelo_Nicolas@gmail.com
Bobbie,Mertz,Bobbie Mertz,CV10 8JN,+18852774190,Bobbie_Mertz@gmail.com
Javier,Kertzmann,Javier Kertzmann,CO16 9FN,+16433618187,Javier_Kertzmann@yahoo.com
Eveline,Gibson,Eveline Gibson,BS1 9LU,+16094878635,Eveline_Gibson@gmail.com
Betty,Boehm,Betty Boehm,NE4 7HJ,+13479305020,Betty.Boehm@yahoo.com
Gene,Larson,Gene Larson,NE8 9SS,+19978639789,Gene_Larson@yahoo.com
Laurence,Kozey,Laurence Kozey,LE7 2EN,+19083181570,Laurence.Kozey@yahoo.com
Lottie,Baumbach,Lottie Baumbach,NE20 9AZ,+17202255540,Lottie.Baumbach@yahoo.com
Oren,Klein,Oren Klein,TD9 9RS,+16719125111,Oren_Klein4@yahoo.com
Destany,Romaguera,Destany Romaguera,SW2 2TR,+19004192515,Destany_Romaguera9@hotmail.com
Leatha,Parisian,Leatha Parisian,LS18 5NW,+19875486329,Leatha_Parisian32@yahoo.com
Velda,Schulist,Velda Schulist,SE6 1LF,+19468265605,Velda.Schulist0@hotmail.com
Litzy,Bechtelar,Litzy Bechtelar,S80 2TD,+15813687057,Litzy_Bechtelar58@yahoo.com
Alanis,Erdman,Alanis Erdman,BS24 7EW,+17754340810,Alanis_Erdman0@gmail.com
Nakia,Wintheiser,Nakia Wintheiser,HD3 4XB,+19469257349,Nakia_Wintheiser17@hotmail.com
Dangelo,Altenwerth,Dangelo Altenwerth,BT36 6ED,+19076474781,Dangelo_Altenwerth@hotmail.com
Rodger,Fadel,Rodger Fadel,B12 8SW,+18846902472,Rodger_Fadel@yahoo.com
Brice,Bernier,Brice Bernier,B13 3SG,+18799163626,Brice_Bernier25@gmail.com
Emery,Harber,Emery Harber,CM7 4EN,+13355614731,Emery_Harber@hotmail.com
Damaris,Boyer,Damaris Boyer,RG42 6DW,+17989436431,Damaris.Boyer@gmail.com
Retha,Gibson,Retha Gibson,G53 7GE,+12584214401,Retha.Gibson84@yahoo.com
Emilia,Schaden,Emilia Schaden,PO4 8YE,+16713162824,Emilia.Schaden82@hotmail.com
Dario,Waters,Dario Waters,TF1 2NT,+15426164857,Dario.Waters72@yahoo.com
Clara,Hermiston,Clara Hermiston,TW13 5BD,+12384594945,Clara.Hermiston75@hotmail.com
Felicity,Marks,Felicity Marks,CO2 8DJ,+19565870296,Felicity.Marks@hotmail.com
Akeem,O'Hara,Akeem O'Hara,DL14 8XQ,+15019477506,Akeem.OHara@yahoo.com
Novella,Hagenes,Novella Hagenes,M7 1SP,+15686126931,Novella_Hagenes69@hotmail.com
Orlo,Morissette,Orlo Morissette,HA1 2RT,+14635022586,Orlo.Morissette24@yahoo.com
Edwardo,Vandervort-Blick,Edwardo Vandervort-Blick,NN12 7TL,+16582325878,Edwardo.Vandervort-Blick86@yahoo.com
Jayda,Greenholt,Jayda Greenholt,DN19 7ES,+13873128916,Jayda.Greenholt@yahoo.com
Bonnie,Stehr,Bonnie Stehr,BH15 2JQ,+13264883763,Bonnie_Stehr@gmail.com
Sonia,Hartmann,Sonia Hartmann,SS8 9RS,+16202377807,Sonia_Hartmann@hotmail.com
Alessandro,Glover-Schinner,Alessandro Glover-Schinner,LE6 0BF,+17308736581,Alessandro.Glover-Schinner@yahoo.com
Breana,Bins,Breana Bins,WA10 5AN,+16005648601,Breana_Bins@gmail.com
Henry,Kessler,Henry Kessler,S81 0QQ,+17395785933,Henry_Kessler4@yahoo.com
Kole,Oberbrunner,Kole Oberbrunner,WR2 4NA,+13182195903,Kole_Oberbrunner64@hotmail.com
Benedict,Simonis,Benedict Simonis,N12 0LP,+16175162000,Benedict.Simonis81@gmail.com
Maryam,Hermiston,Maryam Hermiston,PO10 8HB,+18778051912,Maryam_Hermiston84@yahoo.com
Fleta,Schoen,Fleta Schoen,WF13 3NR,+19785363058,Fleta.Schoen57@yahoo.com
Alexys,Davis,Alexys Davis,DH4 6AA,+19267403989,Alexys.Davis@hotmail.com
Vinnie,Roob,Vinnie Roob,S36 2RY,+15325471248,Vinnie.Roob37@gmail.com
Deontae,Corwin,Deontae Corwin,SS6 7PB,+17052414221,Deontae_Corwin@hotmail.com
Prudence,Mayert,Prudence Mayert,CF34 9RF,+13772473355,Prudence_Mayert4@hotmail.com
Barton,Rolfson,Barton Rolfson,SW1P 9WB,+12803685558,Barton.Rolfson1@hotmail.com
Alyce,Littel,Alyce Littel,SE1 6NP,+16398734221,Alyce.Littel@hotmail.com
Sonia,Murphy,Sonia Murphy,NW2 2JY,+12004838061,Sonia_Murphy@gmail.com
Catharine,Legros,Catharine Legros,M38 0PJ,+16329921223,Catharine_Legros20@hotmail.com
Hilma,O'Kon,Hilma O'Kon,L13 7EH,+15637244741,Hilma.OKon79@gmail.com
Garett,Reynolds,Garett Reynolds,ML3 9GE,+15468937710,Garett_Reynolds47@gmail.com
Dayna,Johnston,Dayna Johnston,TN38 0PU,+14544122964,Dayna.Johnston@gmail.com
Bertrand,Heathcote,Bertrand Heathcote,EH10 6BU,+14023308062,Bertrand_Heathcote@hotmail.com
Brenna,Bergnaum,Brenna Bergnaum,KY7 6AR,+12114677168,Brenna.Bergnaum@gmail.com
Keagan,Sauer,Keagan Sauer,SN9 6EE,+13933808552,Keagan.Sauer5@hotmail.com
Lilly,Harvey,Lilly Harvey,B24 9SD,+12798666299,Lilly.Harvey61@hotmail.com
Nelson,Quigley,Nelson Quigley,YO21 3NB,+16445060127,Nelson_Quigley@gmail.com
Garnet,Mayert,Garnet Mayert,WV10 9SA,+13454637433,Garnet_Mayert8@gmail.com
Gabrielle,Brakus,Gabrielle Brakus,OL10 2BG,+15999077005,Gabrielle.Brakus10@yahoo.com
Selina,Pouros,Selina Pouros,NP10 8GW,+14247666927,Selina_Pouros82@hotmail.com
Lenora,Zulauf,Lenora Zulauf,BH12 1QB,+19037783619,Lenora.Zulauf@yahoo.com
Ryley,Tremblay,Ryley Tremblay,TW20 9LW,+18256400261,Ryley.Tremblay10@hotmail.com
Clarabelle,Grady,Clarabelle Grady,PR2 5LX,+14106526685,Clarabelle.Grady@gmail.com
Berniece,Braun,Berniece Braun,AB43 8UQ,+19217495252,Berniece.Braun69@yahoo.com
Vesta,Leannon,Vesta Leannon,KA1 1LR,+12164145242,Vesta_Leannon87@hotmail.com
Porter,Reynolds,Porter Reynolds,TS19 7JJ,+18375009928,Porter.Reynolds@gmail.com
Minerva,Wunsch,Minerva Wunsch,LA4 5XW,+19175166069,Minerva_Wunsch69@gmail.com
Clovis,Pollich-Cassin,Clovis Pollich-Cassin,KT12 5JX,+19296270467,Clovis_Pollich-Cassin8@gmail.com
Shad,Bernier,Shad Bernier,PE21 7LE,+15155492470,Shad_Bernier75@gmail.com
Linnea,Breitenberg,Linnea Breitenberg,WC2E 9BD,+14032650085,Linnea.Breitenberg63@yahoo.com
Justina,Brakus,Justina Brakus,ST2 9QT,+18347656686,Justina_Brakus@hotmail.com
Adaline,Rutherford,Adaline Rutherford,EC1R 5EN,+18549431329,Adaline.Rutherford96@hotmail.com
Yesenia,Heathcote,Yesenia Heathcote,ML8 5JF,+12892918343,Yesenia_Heathcote@yahoo.com
Rolando,Jaskolski,Rolando Jaskolski,IP28 8EB,+15176428036,Rolando_Jaskolski93@yahoo.com
Jayda,Leuschke,Jayda Leuschke,PL3 6BL,+17285423246,Jayda.Leuschke94@hotmail.com
Briana,Rogahn,Briana Rogahn,IP11 7PG,+17019200236,Briana_Rogahn29@yahoo.com
Arch,Ruecker,Arch Ruecker,LS21 3JU,+15994704204,Arch_Ruecker@hotmail.com
Danny,Rohan,Danny Rohan,M18 7GG,+12596552957,Danny_Rohan@yahoo.com
Jeffry,Lindgren,Jeffry Lindgren,HA3 8FL,+16017071465,Jeffry_Lindgren64@gmail.com
Osborne,Ruecker,Osborne Ruecker,BN1 8NL,+18765883983,Osborne.Ruecker@gmail.com
Ryan,Rippin,Ryan Rippin,M35 9QH,+18796067464,Ryan_Rippin74@gmail.com
Kareem,Klein-Wyman,Kareem Klein-Wyman,NG18 2QA,+19887221210,Kareem.Klein-Wyman@gmail.com
Jasen,Ziemann,Jasen Ziemann,HD4 6JE,+17835169934,Jasen_Ziemann29@gmail.com
Petra,Gleason,Petra Gleason,LA8 0EE,+19246000167,Petra.Gleason30@gmail.com
Dayne,Adams,Dayne Adams,FY8 5DR,+18867386979,Dayne.Adams@hotmail.com
Javon,Heaney,Javon Heaney,YO31 1AY,+13396595223,Javon_Heaney@gmail.com
Kane,Keebler,Kane Keebler,NG22 9FT,+18477466340,Kane_Keebler20@gmail.com
Nedra,Rowe,Nedra Rowe,SO14 7LJ,+15998877589,Nedra_Rowe84@hotmail.com
Hermann,Koelpin,Hermann Koelpin,IG1 2UQ,+16559422488,Hermann.Koelpin93@gmail.com
Alek,Skiles,Alek Skiles,NG7 2AT,+12614366795,Alek.Skiles@yahoo.com
Kristina,Kulas,Kristina Kulas,DE13 8FP,+14207675097,Kristina_Kulas22@hotmail.com
Llewellyn,Kuvalis,Llewellyn Kuvalis,CH7 1HP,+18032529745,Llewellyn_Kuvalis37@yahoo.com
Bartholome,Hudson,Bartholome Hudson,CO11 2LU,+14784309470,Bartholome.Hudson@gmail.com
Vaughn,Mills,Vaughn Mills,RM8 1XE,+16603237709,Vaughn.Mills2@yahoo.com
Enrico,Emard,Enrico Emard,NG3 6HS,+16778144981,Enrico.Emard97@yahoo.com
Jessica,Schinner,Jessica Schinner,AB39 2DU,+16335509539,Jessica_Schinner@gmail.com
Wade,Durgan,Wade Durgan,BA13 4PP,+16136007870,Wade.Durgan53@gmail.com
Nelda,Jones,Nelda Jones,PE6 9HU,+16987542084,Nelda.Jones@yahoo.com
Nels,Tromp,Nels Tromp,SN26 7BZ,+18533088185,Nels_Tromp16@hotmail.com
Julia,Lueilwitz,Julia Lueilwitz,IG11 8LB,+16922490965,Julia.Lueilwitz56@yahoo.com
Tierra,Emard,Tierra Emard,RG40 4BH,+18802915235,Tierra_Emard@gmail.com
Makenna,Stroman,Makenna Stroman,CM3 4LB,+12305956562,Makenna.Stroman@gmail.com
Justen,Dietrich,Justen Dietrich,DD8 3LS,+18267322520,Justen.Dietrich88@yahoo.com
Kevon,Bode,Kevon Bode,LS22 5HA,+18674537153,Kevon_Bode@yahoo.com
Adonis,Sanford,Adonis Sanford,HA0 1HA,+18344738354,Adonis_Sanford@gmail.com
Lyla,Hegmann,Lyla Hegmann,PE9 2XH,+18105971894,Lyla.Hegmann5@gmail.com
Wendell,Cormier,Wendell Cormier,YO13 0JE,+13983702612,Wendell_Cormier44@gmail.com
Hubert,Swaniawski,Hubert Swaniawski,B2 2TB,+12018966512,Hubert.Swaniawski@gmail.com
Clara,Spencer,Clara Spencer,GU4 8HQ,+15482283177,Clara_Spencer55@hotmail.com
Burnice,Koepp,Burnice Koepp,YO42 2PQ,+13613605031,Burnice.Koepp@hotmail.com
Allen,Kihn,Allen Kihn,DD10 9AR,+12948375745,Allen_Kihn29@yahoo.com
Lauriane,Batz,Lauriane Batz,LL11 6BB,+12299630126,Lauriane_Batz@gmail.com
Ned,Wilderman,Ned Wilderman,BN20 9JB,+15417676629,Ned.Wilderman@gmail.com
Rod,Weber,Rod Weber,BB2 5AH,+13392626244,Rod_Weber50@gmail.com
Kenyatta,Herman,Kenyatta Herman,NP20 3AJ,+12672641350,Kenyatta.Herman@gmail.com
Kayli,Keebler,Kayli Keebler,BB12 8TA,+15185365672,Kayli_Keebler@hotmail.com
Dee,Macejkovic,Dee Macejkovic,CF62 9AJ,+13174191224,Dee.Macejkovic@gmail.com
Mohamed,Kilback,Mohamed Kilback,HP4 3AR,+12566712863,Mohamed_Kilback72@hotmail.com
Violette,Orn,Violette Orn,L25 6JR,+19058764080,Violette.Orn@hotmail.com
Catharine,Prosacco,Catharine Prosacco,LU2 9HB,+15624887497,Catharine.Prosacco51@gmail.com
Tito,Grimes,Tito Grimes,CW7 2HQ,+18527550678,Tito.Grimes66@gmail.com
Augustus,Stokes,Augustus Stokes,TS4 2WF,+17367735466,Augustus_Stokes@hotmail.com
Noble,Lind,Noble Lind,B26 2TD,+12337169393,Noble_Lind@yahoo.com
Harmony,Cronin,Harmony Cronin,SM1 3NG,+16777533507,Harmony.Cronin@hotmail.com
Velva,Sipes,Velva Sipes,SO16 6TX,+14223933138,Velva.Sipes@hotmail.com
Darlene,Schinner,Darlene Schinner,BB5 4DR,+18479710290,Darlene_Schinner62@gmail.com
Alba,Crist,Alba Crist,CB8 0DN,+13152005916,Alba_Crist@gmail.com
Lisette,Beer,Lisette Beer,EN7 6QP,+14767708027,Lisette_Beer@yahoo.com
Alanis,Muller,Alanis Muller,PO21 2EE,+16282186002,Alanis.Muller@yahoo.com
Maximillian,Ferry,Maximillian Ferry,GL19 3RZ,+13675846701,Maximillian.Ferry27@hotmail.com
Courtney,Jast,Courtney Jast,WR14 1HN,+13278280616,Courtney.Jast52@hotmail.com
Ressie,Batz-Terry,Ressie Batz-Terry,NE31 2JL,+19693257317,Ressie_Batz-Terry65@gmail.com
Winona,Mayert,Winona Mayert,NN2 7SE,+18178602616,Winona.Mayert81@yahoo.com
Janae,Morar,Janae Morar,DN4 6SP,+19398903610,Janae.Morar@yahoo.com
Sibyl,Wolf,Sibyl Wolf,SW18 4LS,+12673290426,Sibyl_Wolf54@yahoo.com
Karine,Casper,Karine Casper,CF31 5AG,+18296364728,Karine.Casper@yahoo.com
Pink,Jenkins,Pink Jenkins,AB10 7GG,+16736380293,Pink.Jenkins49@gmail.com
Amir,Cremin,Amir Cremin,GU8 5TP,+13546140165,Amir_Cremin34@yahoo.com
Casimer,Rowe,Casimer Rowe,BR5 2DL,+17015412705,Casimer.Rowe2@yahoo.com
Lonie,Kunde,Lonie Kunde,CR3 0DA,+18804210934,Lonie.Kunde@yahoo.com
Laura,Stoltenberg,Laura Stoltenberg,BS5 7AN,+16063118107,Laura.Stoltenberg96@hotmail.com
Webster,Hilll,Webster Hilll,E2 6LZ,+16726979214,Webster_Hilll27@gmail.com
Jessie,Ullrich,Jessie Ullrich,NW2 7NA,+12157556148,Jessie_Ullrich@yahoo.com
Katharina,Bergstrom,Katharina Bergstrom,ME13 8YL,+15746041052,Katharina.Bergstrom@hotmail.com
Kaci,Corkery,Kaci Corkery,FY4 5FR,+17337759496,Kaci.Corkery11@yahoo.com
Ruthie,Langworth,Ruthie Langworth,IP9 1LW,+15385024218,Ruthie_Langworth69@gmail.com
Randy,Reichel,Randy Reichel,EX18 7AN,+15419458727,Randy_Reichel55@gmail.com
Levi,Gutkowski,Levi Gutkowski,B30 2UT,+14512193735,Levi_Gutkowski@yahoo.com
Sheridan,Hackett,Sheridan Hackett,SE18 1BS,+15477740670,Sheridan.Hackett56@gmail.com
Alvis,Strosin,Alvis Strosin,SY7 8QT,+17936436796,Alvis_Strosin65@hotmail.com
Beth,Satterfield,Beth Satterfield,MK19 6DY,+18726697285,Beth_Satterfield@gmail.com
Carlee,Schowalter,Carlee Schowalter,RG27 0GH,+15527642385,Carlee.Schowalter20@gmail.com
Alessia,Stokes,Alessia Stokes,BB4 9JG,+19385652951,Alessia_Stokes42@yahoo.com
Alverta,Skiles,Alverta Skiles,OL2 6LR,+12865428521,Alverta.Skiles41@yahoo.com
Mandy,Reichert,Mandy Reichert,AL7 4HB,+19145690808,Mandy.Reichert51@hotmail.com
Alda,Baumbach,Alda Baumbach,S42 5GD,+19094812387,Alda_Baumbach76@hotmail.com
Cassandre,Davis,Cassandre Davis,CF37 5BA,+14559352161,Cassandre.Davis@gmail.com
Dorothy,Jacobson,Dorothy Jacobson,BT24 8BX,+17742604769,Dorothy.Jacobson@hotmail.com
Amelia,Barrows,Amelia Barrows,NP15 1BX,+12512431407,Amelia.Barrows71@gmail.com
Alfredo,Lubowitz,Alfredo Lubowitz,BT12 7DJ,+14255588625,Alfredo.Lubowitz59@hotmail.com
Kaycee,Harvey,Kaycee Harvey,LS9 7DE,+17913038588,Kaycee.Harvey34@gmail.com
Kristin,Mante,Kristin Mante,BR4 0QE,+17265525278,Kristin_Mante53@yahoo.com
Dillan,Kirlin,Dillan Kirlin,HG1 3DB,+18499077121,Dillan_Kirlin@yahoo.com
Mariam,Predovic,Mariam Predovic,NG20 9HF,+18089143938,Mariam_Predovic@hotmail.com
Lura,Stark,Lura Stark,LL17 0LG,+16003967006,Lura.Stark12@gmail.com
Vella,Jacobson,Vella Jacobson,DY6 9LS,+19635790546,Vella_Jacobson@gmail.com
Emelie,Lockman-Schulist,Emelie Lockman-Schulist,BS7 0TJ,+16143597239,Emelie_Lockman-Schulist@hotmail.com
Flavio,Gislason,Flavio Gislason,E2 0PR,+14438428472,Flavio.Gislason88@hotmail.com
Luther,O'Connell,Luther O'Connell,SO50 7RE,+12167823865,Luther.OConnell@hotmail.com
Kade,Armstrong,Kade Armstrong,SK15 1DJ,+15537002562,Kade.Armstrong6@yahoo.com
Zelda,Williamson,Zelda Williamson,LS26 8TB,+18178856992,Zelda.Williamson@hotmail.com
Herta,Lesch,Herta Lesch,LS26 8XP,+18792790795,Herta_Lesch96@yahoo.com
Gia,Aufderhar,Gia Aufderhar,NE25 8ER,+17097623701,Gia_Aufderhar@gmail.com
Ahmed,O'Kon,Ahmed O'Kon,UB3 3PZ,+19622617523,Ahmed.OKon52@yahoo.com
Issac,MacGyver,Issac MacGyver,NE61 5RU,+16532720816,Issac_MacGyver51@gmail.com
Beaulah,Boyer,Beaulah Boyer,HX1 2YB,+13473252242,Beaulah.Boyer@yahoo.com
Ova,Runte,Ova Runte,RG22 5JT,+14495572898,Ova.Runte@hotmail.com
Kassandra,Veum,Kassandra Veum,BT9 6GG,+14352166799,Kassandra.Veum68@yahoo.com
Annabelle,Feest-Jacobs,Annabelle Feest-Jacobs,OL14 8RE,+13632925539,Annabelle.Feest-Jacobs81@gmail.com
Buck,Wiza,Buck Wiza,LN5 0BD,+15292576040,Buck_Wiza@hotmail.com
Juvenal,Fay,Juvenal Fay,PO9 3QL,+14084594119,Juvenal_Fay53@hotmail.com
Misty,Bernhard,Misty Bernhard,TR26 2AJ,+12579449848,Misty_Bernhard@hotmail.com
Georgianna,Lebsack,Georgianna Lebsack,HU12 0JF,+12933702643,Georgianna.Lebsack1@gmail.com
Ferne,Gottlieb-Parker,Ferne Gottlieb-Parker,DT11 7BB,+16715352817,Ferne.Gottlieb-Parker99@yahoo.com
Constance,Wisozk,Constance Wisozk,LS28 5QY,+13692338470,Constance_Wisozk93@yahoo.com
Ayana,Jast,Ayana Jast,KA11 1JY,+15788270414,Ayana_Jast@hotmail.com
Domenick,Deckow,Domenick Deckow,G52 1RH,+13603870421,Domenick_Deckow10@gmail.com
Lukas,Ryan,Lukas Ryan,S60 8EJ,+17825948087,Lukas_Ryan@hotmail.com
Alan,Kuhic,Alan Kuhic,B33 8RX,+16713530658,Alan_Kuhic58@hotmail.com
Delilah,Little,Delilah Little,UB5 6HX,+15319160423,Delilah_Little48@hotmail.com
Abdul,VonRueden,Abdul VonRueden,HD7 4DR,+15123888248,Abdul.VonRueden@hotmail.com
Margie,Bechtelar,Margie Bechtelar,DA15 9PA,+16443688318,Margie.Bechtelar@yahoo.com
Luther,Klein,Luther Klein,BS16 1AT,+18437789403,Luther_Klein38@yahoo.com
Abigail,Kilback,Abigail Kilback,NR16 2HT,+18346475814,Abigail_Kilback93@gmail.com
Sharon,Pacocha,Sharon Pacocha,BH9 2NU,+18382983904,Sharon_Pacocha@yahoo.com
Macie,Ruecker,Macie Ruecker,N16 8AP,+15349344258,Macie.Ruecker@hotmail.com
Thea,Rogahn,Thea Rogahn,ML12 6FL,+12466042995,Thea_Rogahn83@hotmail.com
Lester,Baumbach,Lester Baumbach,DY12 2NY,+12243805718,Lester_Baumbach@yahoo.com
Jazmyne,Jerde,Jazmyne Jerde,CW4 7QL,+19924179537,Jazmyne.Jerde@gmail.com
Harley,Walker,Harley Walker,PO3 6NN,+12674427210,Harley_Walker41@hotmail.com
Dawn,Sipes-Mohr,Dawn Sipes-Mohr,TR14 9LJ,+12445134884,Dawn.Sipes-Mohr83@yahoo.com
Tomasa,Romaguera,Tomasa Romaguera,BL3 6LJ,+18319541755,Tomasa.Romaguera66@hotmail.com
Alberto,Hudson,Alberto Hudson,RM17 5BT,+19747678295,Alberto_Hudson@hotmail.com
Janet,Miller,Janet Miller,BD8 9HQ,+17678526047,Janet_Miller68@hotmail.com
Alexis,Hegmann,Alexis Hegmann,CM8 9BJ,+13868636974,Alexis_Hegmann@hotmail.com
Toney,Erdman,Toney Erdman,SY12 0BF,+17309316126,Toney_Erdman51@hotmail.com
Kallie,Walsh,Kallie Walsh,NR9 3NL,+16067730749,Kallie.Walsh@yahoo.com
Wilton,Shanahan,Wilton Shanahan,G75 0UP,+14342908419,Wilton.Shanahan@yahoo.com
Era,Langosh,Era Langosh,NG24 3QW,+14936027392,Era.Langosh@hotmail.com
Yasmin,West,Yasmin West,DN14 7DE,+19759268188,Yasmin_West@yahoo.com
Alan,Hermann,Alan Hermann,WA16 6DT,+19096714022,Alan_Hermann@hotmail.com
Anais,Satterfield,Anais Satterfield,DE24 8WR,+16604675144,Anais.Satterfield55@hotmail.com
Alfred,Waters,Alfred Waters,LS21 2FG,+13209838222,Alfred.Waters92@hotmail.com
Araceli,Ratke,Araceli Ratke,NR7 8JZ,+15656566165,Araceli.Ratke89@gmail.com
Gabriel,Rutherford-Bradtke,Gabriel Rutherford-Bradtke,SK7 6PD,+17522581493,Gabriel.Rutherford-Bradtke35@yahoo.com
Mafalda,Rodriguez,Mafalda Rodriguez,NW1W 8UH,+13699892713,Mafalda_Rodriguez8@hotmail.com
Brice,Littel,Brice Littel,CO12 5EB,+15438354711,Brice.Littel@gmail.com
Mark,Friesen,Mark Friesen,KT3 6NB,+13765955190,Mark.Friesen11@gmail.com
Elody,Bailey,Elody Bailey,TF1 2NZ,+13366284913,Elody.Bailey@yahoo.com
Alvera,Keeling,Alvera Keeling,NE34 8TP,+15343322039,Alvera.Keeling@yahoo.com
Rickie,Rath,Rickie Rath,PA23 8AH,+19205572579,Rickie.Rath70@hotmail.com
Dannie,Terry,Dannie Terry,N1 7AX,+15023026656,Dannie_Terry45@hotmail.com
Raymundo,Schoen-Funk,Raymundo Schoen-Funk,SS1 3NP,+12082123482,Raymundo.Schoen-Funk@yahoo.com
Andrew,Rath,Andrew Rath,BB1 2QS,+19626124391,Andrew.Rath3@gmail.com
Clemens,Wyman,Clemens Wyman,PO2 8HR,+18115164463,Clemens_Wyman68@hotmail.com
Rowena,Leuschke,Rowena Leuschke,NR31 0DS,+13836977994,Rowena.Leuschke75@gmail.com
Marisa,Schmitt,Marisa Schmitt,BS7 0XR,+16084019293,Marisa.Schmitt20@hotmail.com
Polly,Rath,Polly Rath,EX17 6HT,+12822874402,Polly_Rath91@yahoo.com
Marta,Beatty,Marta Beatty,IG11 1NL,+14959136614,Marta_Beatty@hotmail.com
Nasir,Walker,Nasir Walker,WA8 3LU,+19829177451,Nasir.Walker50@hotmail.com
Leilani,Bashirian,Leilani Bashirian,SA63 4TX,+19283718357,Leilani_Bashirian12@hotmail.com
Ava,Kshlerin,Ava Kshlerin,GL15 6PR,+17255890034,Ava.Kshlerin35@gmail.com
Camden,Wilkinson,Camden Wilkinson,LE8 8BX,+19943996555,Camden_Wilkinson@hotmail.com
Jedediah,Flatley,Jedediah Flatley,TD5 7TT,+19696970594,Jedediah.Flatley@hotmail.com
Helmer,Braun,Helmer Braun,CH41 8JS,+14604271220,Helmer.Braun@hotmail.com
Trevion,Wuckert,Trevion Wuckert,BN88 1YH,+17116271612,Trevion_Wuckert82@yahoo.com
Ashlee,Brown,Ashlee Brown,BD9 6QJ,+14526679189,Ashlee.Brown50@yahoo.com
Raphael,Dicki,Raphael Dicki,LL28 4AT,+14172878794,Raphael_Dicki@gmail.com
Britney,Hickle,Britney Hickle,WN1 2SG,+12982477072,Britney.Hickle@gmail.com
Lorine,Raynor,Lorine Raynor,EH39 4RR,+15679931805,Lorine.Raynor91@gmail.com
Lonie,Hermiston,Lonie Hermiston,S43 3JZ,+12889971969,Lonie_Hermiston92@hotmail.com
Anastasia,Volkman,Anastasia Volkman,LS19 7SW,+17495978743,Anastasia_Volkman@hotmail.com
Roman,Greenfelder,Roman Greenfelder,L22 0LW,+18109450176,Roman_Greenfelder@gmail.com
Dahlia,Russel,Dahlia Russel,BA12 9HS,+14622982656,Dahlia_Russel89@gmail.com
Jimmy,Cummings,Jimmy Cummings,NP18 2NX,+17939812554,Jimmy.Cummings78@hotmail.com
Levi,Spinka,Levi Spinka,TN15 7BT,+19718092251,Levi.Spinka@gmail.com
Liza,Sanford,Liza Sanford,RG9 1EA,+12834737663,Liza_Sanford@gmail.com
Agnes,Koss,Agnes Koss,ME2 3DT,+14397630901,Agnes.Koss@hotmail.com
Ora,Weber,Ora Weber,B69 2HL,+12815174506,Ora.Weber@gmail.com
Lorna,Stark,Lorna Stark,CM3 3BS,+14743825512,Lorna_Stark75@hotmail.com
Turner,Bins,Turner Bins,DE4 2SG,+15966456164,Turner.Bins4@yahoo.com
Abraham,Wyman,Abraham Wyman,RG17 7DE,+18368632393,Abraham_Wyman@yahoo.com
Moses,Huel,Moses Huel,CH44 0DU,+18729599769,Moses_Huel72@hotmail.com
Fred,Bartoletti,Fred Bartoletti,WR2 4JT,+12465315437,Fred_Bartoletti@gmail.com
Cade,Hirthe,Cade Hirthe,GU14 0PD,+13457746959,Cade_Hirthe@gmail.com
Kenneth,Baumbach,Kenneth Baumbach,SY5 0JL,+15605073900,Kenneth.Baumbach93@hotmail.com
Tod,Schamberger,Tod Schamberger,AL3 5EP,+15114252082,Tod_Schamberger41@yahoo.com
Letha,Funk,Letha Funk,DD8 4PU,+12906598382,Letha_Funk@hotmail.com
Mina,Kreiger-Reynolds,Mina Kreiger-Reynolds,MK40 4SD,+19248697114,Mina.Kreiger-Reynolds@yahoo.com
Jan,Hilll,Jan Hilll,PE26 1AX,+15618755155,Jan.Hilll91@hotmail.com
Alvera,Ferry,Alvera Ferry,NE23 3XL,+13298956611,Alvera.Ferry60@gmail.com
Murl,Hilll,Murl Hilll,G1 1NX,+12357378020,Murl_Hilll@gmail.com
Stephania,Spinka,Stephania Spinka,CH4 7QP,+15955154719,Stephania_Spinka41@gmail.com
Lisandro,MacGyver,Lisandro MacGyver,E12 6EU,+17479806755,Lisandro_MacGyver60@gmail.com
Howard,Witting,Howard Witting,W8 6HE,+15586266289,Howard_Witting@gmail.com
Efrain,Hirthe,Efrain Hirthe,GU11 4BS,+14987330738,Efrain.Hirthe24@yahoo.com
August,Rosenbaum,August Rosenbaum,S71 4DF,+16774057714,August_Rosenbaum@gmail.com
Jacinto,Pfannerstill,Jacinto Pfannerstill,DE24 8NY,+19507740022,Jacinto_Pfannerstill37@gmail.com
Clemens,Schiller,Clemens Schiller,TF10 9EQ,+19265152876,Clemens_Schiller@yahoo.com
Drake,Ward,Drake Ward,TD5 8EX,+17442045924,Drake.Ward@gmail.com
Mara,Huels,Mara Huels,RM7 7NS,+14004544752,Mara_Huels85@yahoo.com
Schuyler,Kuhic,Schuyler Kuhic,M18 7EX,+17017244987,Schuyler.Kuhic67@hotmail.com
Jillian,Mayert,Jillian Mayert,ST6 2HW,+12059351240,Jillian_Mayert76@hotmail.com
Halle,Nader,Halle Nader,CV37 8GE,+15519481029,Halle_Nader@gmail.com
Isabell,Langosh,Isabell Langosh,HD3 3WD,+15488496203,Isabell_Langosh94@gmail.com
Duane,Waters,Duane Waters,YO31 7TN,+19702210174,Duane_Waters@hotmail.com
Sibyl,Stiedemann,Sibyl Stiedemann,HU17 8LA,+17644839934,Sibyl.Stiedemann43@hotmail.com
Westley,Kohler,Westley Kohler,CV33 9SL,+13586583060,Westley.Kohler@hotmail.com
Rose,Bashirian,Rose Bashirian,OX1 5HA,+19643663823,Rose_Bashirian@yahoo.com
Daryl,Casper,Daryl Casper,UB7 8PL,+14813988236,Daryl_Casper@gmail.com
Asha,Lubowitz,Asha Lubowitz,BS22 8LR,+12985700693,Asha.Lubowitz64@gmail.com
Nya,Schultz,Nya Schultz,ST6 4GJ,+19714432670,Nya.Schultz1@gmail.com
Nelle,Leannon,Nelle Leannon,CB6 2AZ,+13434605858,Nelle.Leannon@gmail.com
Alverta,Tillman,Alverta Tillman,BD19 3HB,+12965081430,Alverta_Tillman95@yahoo.com
Jennyfer,White,Jennyfer White,RH10 2AJ,+16622601190,Jennyfer_White28@yahoo.com
Carlo,Schroeder,Carlo Schroeder,WV4 4NY,+15054828250,Carlo.Schroeder@gmail.com
Joannie,Dietrich,Joannie Dietrich,BT18 0JS,+13438249814,Joannie.Dietrich48@hotmail.com
Alba,Beahan,Alba Beahan,RG26 3TZ,+18805378232,Alba.Beahan98@hotmail.com
Assunta,Waters,Assunta Waters,M40 3LP,+14298274900,Assunta_Waters@yahoo.com
Jameson,Corwin,Jameson Corwin,LL11 1HG,+14447253149,Jameson_Corwin3@yahoo.com
Isabell,Mosciski,Isabell Mosciski,CT6 5EQ,+19618344954,Isabell.Mosciski54@yahoo.com
Brayan,Barton,Brayan Barton,L12 2BL,+19029990369,Brayan.Barton@gmail.com
Angelo,Leffler,Angelo Leffler,MK17 8DZ,+16637035856,Angelo_Leffler@hotmail.com
Deven,Gleichner,Deven Gleichner,PE21 8DG,+18199340506,Deven.Gleichner@yahoo.com
Wallace,Padberg,Wallace Padberg,LA14 5NE,+12027357751,Wallace.Padberg@gmail.com
Toney,Rath,Toney Rath,BT14 8FE,+15084831554,Toney_Rath85@yahoo.com
Sigrid,Mills,Sigrid Mills,ST11 9HJ,+14572287760,Sigrid_Mills8@yahoo.com
Rylan,Lockman,Rylan Lockman,BT70 3FB,+17772559010,Rylan_Lockman63@gmail.com
Kaitlyn,Koch,Kaitlyn Koch,CA11 8RN,+17789232867,Kaitlyn_Koch@hotmail.com
Anya,Dare,Anya Dare,SE14 5JH,+16473645382,Anya.Dare@yahoo.com
Monserrat,Hettinger,Monserrat Hettinger,ML2 8QH,+14586954291,Monserrat.Hettinger@yahoo.com
Dell,Ankunding,Dell Ankunding,BD12 0TS,+12152177747,Dell_Ankunding5@gmail.com
Josephine,Treutel,Josephine Treutel,B31 1BG,+12602794248,Josephine_Treutel52@gmail.com
Geraldine,Kuhn-Carter,Geraldine Kuhn-Carter,LS9 7NF,+13103956394,Geraldine.Kuhn-Carter@hotmail.com
Chester,Larkin,Chester Larkin,PO22 8QE,+14745220014,Chester.Larkin@gmail.com
Lee,Kozey,Lee Kozey,IV40 8HE,+15844178573,Lee_Kozey@gmail.com
Kamryn,Braun,Kamryn Braun,DD1 4JS,+12459596580,Kamryn.Braun@gmail.com
Leonie,Sauer,Leonie Sauer,IP4 5BY,+13917228745,Leonie.Sauer@yahoo.com
Syble,Beer,Syble Beer,BN25 4ER,+17553603797,Syble.Beer@gmail.com
Wilford,Hirthe,Wilford Hirthe,NE10 0TJ,+17329744282,Wilford_Hirthe27@gmail.com
Owen,Glover,Owen Glover,WF3 4JB,+14423974542,Owen_Glover@yahoo.com
Floy,Ankunding,Floy Ankunding,YO42 4EQ,+12754529173,Floy.Ankunding74@yahoo.com
Ena,Bartell,Ena Bartell,WR13 6LD,+15422481700,Ena_Bartell37@hotmail.com
Holden,Balistreri,Holden Balistreri,NG21 9AE,+15126283002,Holden_Balistreri86@gmail.com
Gerhard,Roob,Gerhard Roob,AB45 1FY,+18037026391,Gerhard_Roob69@yahoo.com
Chaim,Considine,Chaim Considine,LN6 8SE,+17019970784,Chaim_Considine@gmail.com
Zion,Kuhic,Zion Kuhic,HP14 4RS,+14839229674,Zion_Kuhic@hotmail.com
Thea,Kerluke,Thea Kerluke,PL14 4AX,+18844055254,Thea.Kerluke50@hotmail.com
Tyson,Satterfield,Tyson Satterfield,SW19 8DG,+17688468404,Tyson.Satterfield10@yahoo.com
Silas,Haag,Silas Haag,PL3 4HL,+13524744581,Silas.Haag0@hotmail.com
Elsie,Nolan,Elsie Nolan,GU31 5JR,+18307007262,Elsie_Nolan@gmail.com
Linnea,Hirthe,Linnea Hirthe,M16 9NE,+14538859817,Linnea.Hirthe54@hotmail.com
Kathryne,Borer,Kathryne Borer,CR2 7BN,+17838416412,Kathryne.Borer83@gmail.com
Rick,Jast-Blick,Rick Jast-Blick,B43 7RE,+15184254369,Rick_Jast-Blick@gmail.com
Vicenta,Beer,Vicenta Beer,KT14 6AH,+12083859517,Vicenta.Beer@gmail.com
Jarod,Grimes,Jarod Grimes,EX7 9SP,+12282199101,Jarod_Grimes15@yahoo.com
Kamryn,Will,Kamryn Will,B98 9NS,+12418188805,Kamryn_Will23@yahoo.com
Katarina,Ratke,Katarina Ratke,SE8 5AY,+18333150678,Katarina.Ratke@hotmail.com
Rickie,Bogan,Rickie Bogan,LS27 8QR,+17338404233,Rickie.Bogan@hotmail.com
Jamel,Grady,Jamel Grady,GU3 2AR,+15383199954,Jamel.Grady6@yahoo.com
Griffin,Homenick,Griffin Homenick,M18 7PW,+13272387676,Griffin.Homenick@gmail.com
Sonia,Veum,Sonia Veum,GL1 1NE,+15852708878,Sonia.Veum5@gmail.com
Melody,Brakus,Melody Brakus,G53 5RD,+18933384007,Melody_Brakus22@gmail.com
Dora,Erdman,Dora Erdman,S8 7RF,+14847959392,Dora.Erdman@gmail.com
Teresa,Hane,Teresa Hane,SN2 2RB,+17909043031,Teresa.Hane33@yahoo.com
Juanita,Johns,Juanita Johns,DD8 3RY,+12318176046,Juanita_Johns49@yahoo.com
Chet,Quitzon,Chet Quitzon,KT1 1BS,+12187628119,Chet.Quitzon71@yahoo.com
Aracely,Koch,Aracely Koch,PO7 7QB,+13479932763,Aracely.Koch5@yahoo.com
Efren,Berge,Efren Berge,W1G 7HW,+18988153759,Efren.Berge@hotmail.com
Lazaro,Kuhic,Lazaro Kuhic,SW15 1JB,+13272015426,Lazaro_Kuhic98@gmail.com
Kayli,Doyle,Kayli Doyle,AB25 1PY,+14898970849,Kayli_Doyle86@hotmail.com
Jedediah,Pagac,Jedediah Pagac,TR16 6SX,+19278562851,Jedediah_Pagac80@hotmail.com
Kory,Stanton,Kory Stanton,G78 3BH,+15763299599,Kory.Stanton@yahoo.com
Erwin,Bogan-Hansen,Erwin Bogan-Hansen,TQ4 5NG,+13525704823,Erwin.Bogan-Hansen6@hotmail.com
Danika,Turner,Danika Turner,NW7 4PS,+14774654009,Danika.Turner@gmail.com
Alice,Hansen,Alice Hansen,M40 1PG,+14136953173,Alice_Hansen@yahoo.com
Rowland,Beier,Rowland Beier,CF72 9SR,+13574974992,Rowland.Beier80@gmail.com
Marquise,Schuppe,Marquise Schuppe,PE14 7PN,+15166829075,Marquise_Schuppe@hotmail.com
Emily,Willms,Emily Willms,DT1 1QE,+12897256422,Emily.Willms65@hotmail.com
Trudie,Wyman,Trudie Wyman,BA4 4DT,+15023756782,Trudie_Wyman@gmail.com
Javon,Romaguera,Javon Romaguera,SO24 9DZ,+18793686699,Javon_Romaguera77@hotmail.com
Kara,Ernser,Kara Ernser,SE5 8ET,+16296620485,Kara_Ernser22@gmail.com
Lily,Hegmann,Lily Hegmann,LS7 4PH,+16824309292,Lily_Hegmann52@yahoo.com
Ursula,Weimann,Ursula Weimann,CO2 8TG,+18366623700,Ursula_Weimann@gmail.com
Sherwood,Pfeffer,Sherwood Pfeffer,OL15 9LW,+17745396623,Sherwood.Pfeffer@hotmail.com
Malachi,Lemke,Malachi Lemke,EH23 4HR,+15399714285,Malachi_Lemke91@gmail.com
Joanie,MacGyver,Joanie MacGyver,TR7 3BX,+14647584466,Joanie_MacGyver80@hotmail.com
Abigail,Wintheiser,Abigail Wintheiser,BT5 6JN,+19887275542,Abigail.Wintheiser@yahoo.com
Raheem,Little,Raheem Little,M11 1GG,+13305521133,Raheem_Little29@yahoo.com
Orpha,Cormier,Orpha Cormier,NN11 1SP,+12408720133,Orpha_Cormier91@gmail.com
Helena,Rowe,Helena Rowe,BB18 5NE,+12559744095,Helena.Rowe@gmail.com
Lurline,Zemlak,Lurline Zemlak,PR8 1JF,+12893716425,Lurline.Zemlak@yahoo.com
Isai,Stracke,Isai Stracke,CT14 9ES,+19355095976,Isai.Stracke33@hotmail.com
Meaghan,Spencer,Meaghan Spencer,BS16 4RT,+18146410340,Meaghan_Spencer@yahoo.com
Breanne,Adams,Breanne Adams,E12 5AT,+16005248311,Breanne_Adams@hotmail.com
Kristian,Jacobi,Kristian Jacobi,CH62 9BX,+17568608565,Kristian.Jacobi22@gmail.com
Shakira,Wolf,Shakira Wolf,ME9 8BY,+19678775423,Shakira_Wolf@gmail.com
Kristian,Hartmann,Kristian Hartmann,BA21 3SR,+14106724493,Kristian_Hartmann@gmail.com
Aniya,Mertz,Aniya Mertz,N1 4HT,+15749382952,Aniya.Mertz@yahoo.com
Andy,Wunsch,Andy Wunsch,DG2 8LX,+17157379576,Andy.Wunsch@yahoo.com
Tavares,Carroll,Tavares Carroll,DL12 8AA,+13035354096,Tavares_Carroll88@yahoo.com
Chyna,Homenick,Chyna Homenick,NE39 2NQ,+15875244920,Chyna.Homenick@yahoo.com
Josue,Legros,Josue Legros,NR3 2RD,+18429089136,Josue.Legros@hotmail.com
Terrell,DuBuque,Terrell DuBuque,KT17 2DE,+13085083150,Terrell.DuBuque7@yahoo.com
Gudrun,Considine,Gudrun Considine,SE1P 4SD,+17986725107,Gudrun.Considine@yahoo.com
Elijah,Hermann,Elijah Hermann,HR1 1NT,+16774860373,Elijah_Hermann@yahoo.com
Kaycee,Schneider,Kaycee Schneider,CB25 0EF,+18916009234,Kaycee_Schneider20@gmail.com
Mauricio,McDermott,Mauricio McDermott,W1U 1DT,+19734969419,Mauricio.McDermott@yahoo.com
Caden,Fay,Caden Fay,TW18 2PW,+13638508827,Caden.Fay@gmail.com
Maryjane,Kub,Maryjane Kub,L25 9QT,+17485230071,Maryjane.Kub86@yahoo.com
Frederik,Hagenes,Frederik Hagenes,CH3 6EU,+15839204102,Frederik_Hagenes@hotmail.com
Cornelius,Rolfson,Cornelius Rolfson,NN2 7QX,+12377524269,Cornelius.Rolfson@gmail.com
Luciano,Huel,Luciano Huel,ME18 6AX,+14224858790,Luciano_Huel50@gmail.com
Deon,Jacobson,Deon Jacobson,LA15 8EL,+15319645820,Deon.Jacobson1@hotmail.com
Timothy,Schaefer,Timothy Schaefer,BD17 5QL,+16903324400,Timothy_Schaefer94@yahoo.com
Reggie,Feil,Reggie Feil,BD16 2SF,+15045338998,Reggie_Feil1@hotmail.com
Estelle,Nienow,Estelle Nienow,N1 2LE,+13976723899,Estelle.Nienow83@hotmail.com
Kamron,Gerhold,Kamron Gerhold,S61 2RL,+15427621322,Kamron.Gerhold@hotmail.com
Madelynn,Heathcote,Madelynn Heathcote,CV35 0EG,+17366711610,Madelynn_Heathcote@hotmail.com
Amira,Hegmann,Amira Hegmann,SL4 4XR,+12693134979,Amira.Hegmann@gmail.com
Russel,Pouros,Russel Pouros,BA3 4TX,+18545761732,Russel_Pouros2@yahoo.com
Warren,Boyle,Warren Boyle,BT61 8PJ,+12602424255,Warren_Boyle69@hotmail.com
Iliana,Von,Iliana Von,PE10 9HF,+16282876964,Iliana.Von@gmail.com
Jolie,Wiza,Jolie Wiza,HP22 4EL,+19149787006,Jolie_Wiza@yahoo.com
Malcolm,Gislason,Malcolm Gislason,S66 3QS,+12779761465,Malcolm_Gislason93@hotmail.com
Vena,Johnson,Vena Johnson,RG10 8HX,+14174593033,Vena.Johnson31@yahoo.com
Lauren,Schaefer,Lauren Schaefer,EN9 1PP,+18546395920,Lauren_Schaefer93@yahoo.com
Liliana,Kuhn,Liliana Kuhn,WD17 4SA,+15113546944,Liliana_Kuhn@gmail.com
Shania,Goldner,Shania Goldner,TF1 3LE,+15347783332,Shania.Goldner@yahoo.com
Rachelle,Lynch,Rachelle Lynch,DN33 3RW,+15765348422,Rachelle_Lynch@yahoo.com
Madilyn,White,Madilyn White,B28 8EA,+15838623149,Madilyn_White@yahoo.com
Brock,Corwin,Brock Corwin,SG11 2AS,+14093426425,Brock_Corwin99@gmail.com
Dorris,Hermiston,Dorris Hermiston,NR3 1RF,+17563324835,Dorris_Hermiston@yahoo.com
Stephan,Hills,Stephan Hills,LN1 2ED,+16613527778,Stephan.Hills@hotmail.com
Theodora,Welch,Theodora Welch,SY16 1RH,+19744959464,Theodora.Welch@hotmail.com
Juana,Dare,Juana Dare,EH15 1DT,+14833831726,Juana_Dare@yahoo.com
Milton,Schneider-Dare,Milton Schneider-Dare,DN17 3RZ,+14588745705,Milton_Schneider-Dare66@gmail.com
Timmy,VonRueden,Timmy VonRueden,SW1P 4NL,+16359213877,Timmy_VonRueden@hotmail.com
Rey,Kub,Rey Kub,GL7 5EZ,+16656383914,Rey.Kub@hotmail.com
Crystal,Fritsch,Crystal Fritsch,TA10 0PZ,+18953775383,Crystal_Fritsch@gmail.com
Barry,Nienow,Barry Nienow,DE4 5GB,+17283205285,Barry.Nienow59@gmail.com
Scottie,Thiel,Scottie Thiel,TS12 2QR,+17108432207,Scottie_Thiel16@yahoo.com
Reagan,Rempel,Reagan Rempel,KT22 7UH,+18769730939,Reagan_Rempel@hotmail.com
Michelle,Hirthe,Michelle Hirthe,CB8 0GG,+17548993517,Michelle.Hirthe32@hotmail.com
Ayla,Reichert,Ayla Reichert,IP25 6HN,+19356277004,Ayla_Reichert64@hotmail.com
Dashawn,Beer,Dashawn Beer,N1 6LB,+18162034369,Dashawn_Beer@yahoo.com
Isabell,Okuneva,Isabell Okuneva,E11 4RH,+16253939386,Isabell.Okuneva28@gmail.com
Jazmyne,Bruen,Jazmyne Bruen,B61 0NJ,+17279822263,Jazmyne.Bruen65@hotmail.com
Theodore,Heaney,Theodore Heaney,CR0 5BX,+14037040745,Theodore.Heaney@gmail.com
Lorenza,Fadel-Rutherford,Lorenza Fadel-Rutherford,BT4 3AR,+16247486940,Lorenza_Fadel-Rutherford60@gmail.com
Romaine,Mitchell,Romaine Mitchell,AB54 8HR,+18584763420,Romaine_Mitchell@gmail.com
Adrienne,Swift,Adrienne Swift,PL17 7DQ,+16342647679,Adrienne.Swift82@hotmail.com
Tristin,Schuppe,Tristin Schuppe,RG24 4XW,+19846081941,Tristin_Schuppe74@gmail.com
Kenna,Renner,Kenna Renner,GL7 4HY,+18379965115,Kenna.Renner@yahoo.com
Don,Morissette,Don Morissette,DE22 1FT,+13709249748,Don.Morissette48@yahoo.com
Vaughn,Towne,Vaughn Towne,G33 4SN,+12044508941,Vaughn.Towne@hotmail.com
Javier,Fisher,Javier Fisher,SA19 6SL,+18374983659,Javier_Fisher@hotmail.com
Terrance,Gorczany,Terrance Gorczany,NW11 0LS,+14986942906,Terrance.Gorczany35@hotmail.com
Mariano,MacGyver,Mariano MacGyver,TS15 9ER,+12859993675,Mariano_MacGyver63@hotmail.com
Alek,Nitzsche,Alek Nitzsche,BS16 7HQ,+14906744599,Alek_Nitzsche69@hotmail.com
Salvador,Hoeger,Salvador Hoeger,TW7 5JB,+18845047864,Salvador.Hoeger@hotmail.com
Enrique,Rath,Enrique Rath,AL4 9JH,+14227434510,Enrique.Rath96@hotmail.com
Maximillia,Bradtke,Maximillia Bradtke,ME4 6ED,+16272415263,Maximillia.Bradtke35@yahoo.com
Ezra,Braun,Ezra Braun,YO12 6AP,+17038321989,Ezra_Braun@yahoo.com
Raina,Koelpin-Yost,Raina Koelpin-Yost,SK7 4BA,+14974887798,Raina_Koelpin-Yost@gmail.com
Gail,Breitenberg,Gail Breitenberg,B90 3FF,+16512625543,Gail.Breitenberg72@gmail.com
Karianne,Greenfelder,Karianne Greenfelder,YO25 9DP,+17625669259,Karianne_Greenfelder83@yahoo.com
Bulah,Shields-Welch,Bulah Shields-Welch,AB45 2DT,+14753282210,Bulah_Shields-Welch@yahoo.com
Bud,Weber-Bode,Bud Weber-Bode,ME8 8FT,+16208761862,Bud.Weber-Bode@gmail.com
Krystina,Dickens,Krystina Dickens,M31 4FH,+15598744935,Krystina_Dickens@gmail.com
Tamara,Grimes,Tamara Grimes,RM3 9UB,+19636111988,Tamara.Grimes@hotmail.com
Kaycee,Cormier,Kaycee Cormier,NW3 1SD,+16822025079,Kaycee_Cormier@yahoo.com
Arnaldo,Turcotte,Arnaldo Turcotte,B34 6ET,+16945981039,Arnaldo.Turcotte@hotmail.com
Waino,Greenholt,Waino Greenholt,RG10 8NJ,+19667560733,Waino_Greenholt63@gmail.com
Jamar,Fadel,Jamar Fadel,IP8 4HW,+17538325525,Jamar_Fadel@hotmail.com
Ron,Rodriguez,Ron Rodriguez,WN8 6LP,+12974964911,Ron.Rodriguez@yahoo.com
Julius,Senger,Julius Senger,SS17 8HE,+17377103609,Julius_Senger18@gmail.com
Jenifer,Quitzon,Jenifer Quitzon,SK14 4XE,+19802268567,Jenifer_Quitzon97@gmail.com
Kiara,Wintheiser,Kiara Wintheiser,DT2 9TJ,+12492262789,Kiara_Wintheiser63@gmail.com
Claudia,Doyle,Claudia Doyle,L1 9AF,+18386521359,Claudia_Doyle@hotmail.com
Lisette,Leuschke,Lisette Leuschke,PL9 8HX,+16744021149,Lisette.Leuschke@gmail.com
Lynn,Adams,Lynn Adams,OL4 2JY,+19404631480,Lynn.Adams72@yahoo.com
Eula,Gutkowski,Eula Gutkowski,EN7 6QU,+17286406840,Eula_Gutkowski@yahoo.com
Dejon,Sanford,Dejon Sanford,LE15 9ST,+18404040997,Dejon.Sanford11@gmail.com
Karina,Olson,Karina Olson,SY19 7AB,+13964514356,Karina_Olson90@hotmail.com
Rylan,Reilly,Rylan Reilly,SL4 3JS,+16453428510,Rylan.Reilly49@hotmail.com
Norberto,Schuster,Norberto Schuster,NW10 8UR,+17565633028,Norberto.Schuster@gmail.com
Name,Rogahn,Name Rogahn,SS5 4RT,+15088181636,Name_Rogahn55@hotmail.com
Vivienne,Borer,Vivienne Borer,OL16 2YB,+14947973437,Vivienne_Borer92@hotmail.com
Madaline,Kerluke,Madaline Kerluke,SA10 6BB,+15805643663,Madaline_Kerluke@yahoo.com
Laverna,Effertz,Laverna Effertz,CB1 0UX,+13573653052,Laverna.Effertz42@yahoo.com
Freddie,Langworth,Freddie Langworth,KW14 7AB,+14498156027,Freddie.Langworth@gmail.com
Vince,Bahringer,Vince Bahringer,S11 7HA,+15762034236,Vince.Bahringer23@gmail.com
Adelia,Bayer,Adelia Bayer,NR2 3HD,+17335244483,Adelia.Bayer@hotmail.com
Gayle,Ankunding,Gayle Ankunding,OX13 6LL,+16744255341,Gayle.Ankunding19@hotmail.com
Hosea,Fay,Hosea Fay,S20 1AR,+16736006414,Hosea.Fay@hotmail.com
Rollin,Hagenes,Rollin Hagenes,EN5 3BX,+18972667851,Rollin_Hagenes15@hotmail.com
Ova,Halvorson,Ova Halvorson,BS3 1HT,+19385106605,Ova_Halvorson81@gmail.com
Martin,Morar,Martin Morar,WS2 9TU,+14032037177,Martin.Morar@hotmail.com
Meggie,Adams,Meggie Adams,BT35 7LG,+14859651847,Meggie_Adams@hotmail.com
Lily,Lowe,Lily Lowe,LS17 0DH,+17214446051,Lily_Lowe18@yahoo.com
Bart,Greenfelder,Bart Greenfelder,CR0 3AB,+16369239609,Bart_Greenfelder@hotmail.com
Aglae,Upton,Aglae Upton,PL22 0ES,+15166049004,Aglae_Upton58@yahoo.com
Dustin,Baumbach,Dustin Baumbach,S21 1DJ,+16646213748,Dustin_Baumbach@hotmail.com
Annalise,Abbott,Annalise Abbott,ME9 8UT,+14806380965,Annalise_Abbott@yahoo.com
Terry,O'Kon,Terry O'Kon,HD6 2PD,+13813558531,Terry.OKon94@yahoo.com
Avery,Jakubowski,Avery Jakubowski,PE8 4ED,+16442176952,Avery_Jakubowski@gmail.com
Zaria,Ratke,Zaria Ratke,EH54 5FB,+15589415775,Zaria.Ratke@hotmail.com
Mafalda,Champlin,Mafalda Champlin,DN9 1QL,+14737394328,Mafalda_Champlin@hotmail.com
Florence,Hahn,Florence Hahn,NE46 4HL,+16774515889,Florence_Hahn@gmail.com
Zoie,Stokes,Zoie Stokes,EX36 4JG,+14065760866,Zoie_Stokes@yahoo.com
Eladio,Wyman-Welch,Eladio Wyman-Welch,RH1 2PE,+15273131762,Eladio.Wyman-Welch@yahoo.com
Garrett,Huel,Garrett Huel,NG17 8YX,+18636003025,Garrett.Huel2@yahoo.com
Pablo,Schaefer,Pablo Schaefer,BN17 6SL,+16733449118,Pablo_Schaefer@yahoo.com
Gregorio,Hodkiewicz-Dietrich,Gregorio Hodkiewicz-Dietrich,TN34 3WP,+15322334023,Gregorio_Hodkiewicz-Dietrich96@gmail.com
Brittany,Conroy,Brittany Conroy,PE9 4JL,+17926587836,Brittany.Conroy@hotmail.com
Dane,Shanahan,Dane Shanahan,BD17 6QY,+13059537966,Dane.Shanahan89@yahoo.com
Douglas,Marks,Douglas Marks,LL54 7ND,+17424777283,Douglas.Marks@hotmail.com
Maryam,Maggio,Maryam Maggio,PO14 2RD,+15832941877,Maryam.Maggio@gmail.com
Shanel,Shanahan,Shanel Shanahan,CF14 9DR,+15758561761,Shanel_Shanahan@yahoo.com
Sincere,Barton,Sincere Barton,PR1 8BH,+16037544653,Sincere.Barton54@yahoo.com
Theron,Borer,Theron Borer,EH26 9AG,+12189392725,Theron.Borer41@hotmail.com
Gino,Kunze,Gino Kunze,AB12 4LZ,+16025098310,Gino_Kunze34@hotmail.com
Rosina,Feeney,Rosina Feeney,SA8 4LY,+13545348410,Rosina.Feeney@hotmail.com
Kenna,Lynch,Kenna Lynch,WD25 0AZ,+16033860528,Kenna.Lynch@hotmail.com
Chaya,Pfannerstill,Chaya Pfannerstill,NN2 1LP,+19447935757,Chaya_Pfannerstill56@yahoo.com
Craig,Lindgren,Craig Lindgren,DH9 7PJ,+18046551267,Craig_Lindgren@hotmail.com
Ara,Streich,Ara Streich,CV6 7EG,+19993128521,Ara_Streich64@yahoo.com
Hayley,Bartell,Hayley Bartell,PL2 2FD,+15468952750,Hayley.Bartell@yahoo.com
Jordon,Weber,Jordon Weber,IP7 7DN,+17027031287,Jordon.Weber@gmail.com
Ayana,Schimmel,Ayana Schimmel,BT23 8UB,+19025655194,Ayana_Schimmel@yahoo.com
Jonathan,Barrows,Jonathan Barrows,DN5 8PZ,+13718848150,Jonathan_Barrows79@yahoo.com
Vanessa,Parisian,Vanessa Parisian,SN11 9EG,+13845485688,Vanessa_Parisian37@yahoo.com
Marjorie,Bayer,Marjorie Bayer,DN32 9EG,+15988040519,Marjorie_Bayer72@gmail.com
Mariam,Wiegand,Mariam Wiegand,GU24 9JQ,+12959471814,Mariam_Wiegand@gmail.com
Elijah,Turner,Elijah Turner,BD20 5TW,+16579660555,Elijah.Turner27@gmail.com
Jay,Adams,Jay Adams,DE55 2AF,+16235128269,Jay_Adams80@gmail.com
Rachael,Stamm,Rachael Stamm,M34 6NB,+18977832144,Rachael.Stamm@yahoo.com
Jack,Gutmann-Carroll,Jack Gutmann-Carroll,FK6 6NH,+18376375716,Jack_Gutmann-Carroll@gmail.com
Berenice,Dickens,Berenice Dickens,HP22 5DS,+15789975190,Berenice.Dickens65@yahoo.com
Alfreda,Upton,Alfreda Upton,NE22 7JQ,+17109043500,Alfreda_Upton@gmail.com
Jamison,Schulist,Jamison Schulist,G72 9TJ,+16887835283,Jamison_Schulist@yahoo.com
Daisy,McLaughlin,Daisy McLaughlin,GL5 2JW,+13807811167,Daisy.McLaughlin80@gmail.com
Lucy,Farrell,Lucy Farrell,NW1W 9HA,+14139076899,Lucy_Farrell3@hotmail.com
Wallace,Okuneva,Wallace Okuneva,DY10 1BL,+18806494557,Wallace_Okuneva55@gmail.com
Briana,Walker,Briana Walker,BS40 5SA,+15493242983,Briana.Walker45@hotmail.com
Bobbie,Hodkiewicz,Bobbie Hodkiewicz,LA5 9BS,+16963593692,Bobbie.Hodkiewicz@gmail.com
Jenifer,Adams,Jenifer Adams,DD4 6LH,+16443897554,Jenifer_Adams@hotmail.com
Sam,Nitzsche,Sam Nitzsche,SM6 8PP,+16996031096,Sam.Nitzsche3@yahoo.com
Corbin,Lind,Corbin Lind,YO21 1LN,+17402714654,Corbin_Lind@hotmail.com
Maximillian,Morar,Maximillian Morar,RH10 7YU,+18425693601,Maximillian.Morar@gmail.com
Florencio,Dicki,Florencio Dicki,BA9 9TA,+13189916625,Florencio.Dicki@gmail.com
Dianna,Wiegand,Dianna Wiegand,WA3 5NU,+13547290686,Dianna_Wiegand82@yahoo.com
Krystel,Friesen,Krystel Friesen,B45 8AJ,+14887993438,Krystel_Friesen3@hotmail.com
Rusty,Ortiz,Rusty Ortiz,B75 6UW,+16743102872,Rusty.Ortiz@yahoo.com
Arlie,Sawayn,Arlie Sawayn,BD8 0LS,+17329490885,Arlie_Sawayn19@gmail.com
Damon,Cormier,Damon Cormier,KY7 4UU,+13864526757,Damon_Cormier63@hotmail.com
Rosella,Fahey,Rosella Fahey,OL9 8RH,+19427808386,Rosella_Fahey88@hotmail.com
Nico,Carter,Nico Carter,PA5 8HR,+14483185497,Nico.Carter35@yahoo.com
Eveline,Haag,Eveline Haag,TR7 2JQ,+15962083446,Eveline_Haag@yahoo.com
Lelia,McClure-Collins,Lelia McClure-Collins,S8 7FQ,+14344864361,Lelia_McClure-Collins@hotmail.com
Timothy,Greenfelder,Timothy Greenfelder,DL2 1PN,+18503245202,Timothy_Greenfelder77@gmail.com
Charlie,Lubowitz,Charlie Lubowitz,B23 6JY,+19416399756,Charlie_Lubowitz51@hotmail.com
Daisy,Rau,Daisy Rau,ME16 8TH,+14394794466,Daisy_Rau70@hotmail.com
Jamar,Mayer-Abbott,Jamar Mayer-Abbott,GY8 0DB,+12789660246,Jamar.Mayer-Abbott@gmail.com
Bennie,Fahey,Bennie Fahey,NG4 1NF,+19268461049,Bennie_Fahey@gmail.com
Corene,Zieme,Corene Zieme,IV12 5BB,+18714003617,Corene.Zieme@gmail.com
Justyn,Berge,Justyn Berge,SG5 4SN,+14124805294,Justyn.Berge54@yahoo.com
Celestine,Trantow,Celestine Trantow,W1T 1BX,+13672660439,Celestine.Trantow20@hotmail.com
Eileen,Lind,Eileen Lind,M18 7SD,+14498354517,Eileen_Lind55@hotmail.com
Sydnie,Becker,Sydnie Becker,PH20 1DW,+13899990609,Sydnie.Becker@hotmail.com
Emily,Lakin,Emily Lakin,DA14 4LD,+13823668387,Emily_Lakin@yahoo.com
Hope,Ruecker,Hope Ruecker,SA15 3AL,+18454144601,Hope.Ruecker79@yahoo.com
Cecil,Ledner,Cecil Ledner,DN20 8UJ,+18195381439,Cecil_Ledner28@hotmail.com
Monique,Fadel,Monique Fadel,KT13 0DF,+18934745648,Monique_Fadel22@yahoo.com
Raegan,Huels,Raegan Huels,SL4 5AQ,+19036364789,Raegan_Huels51@hotmail.com
Ellen,Dare,Ellen Dare,LN9 5HL,+12826731219,Ellen_Dare98@yahoo.com
Fidel,Schulist,Fidel Schulist,E17 4AQ,+15886852286,Fidel.Schulist@hotmail.com
Adolph,Bogisich,Adolph Bogisich,UB10 9DT,+18988757415,Adolph_Bogisich96@yahoo.com
Sanford,O'Reilly,Sanford O'Reilly,BS37 6NF,+14088897136,Sanford_OReilly96@hotmail.com
Ardith,Bogisich,Ardith Bogisich,CM7 0TH,+13424988764,Ardith_Bogisich46@gmail.com
Alicia,Graham,Alicia Graham,RG28 7JR,+14377349932,Alicia.Graham@hotmail.com
Godfrey,Howell,Godfrey Howell,M11 1HT,+14052511775,Godfrey_Howell@yahoo.com
Russell,Conroy,Russell Conroy,BR1 3GN,+12157390978,Russell.Conroy45@yahoo.com
Omer,Haag,Omer Haag,TN10 4EP,+16772819118,Omer.Haag81@yahoo.com
Hyman,Witting,Hyman Witting,EN7 6FB,+15795466118,Hyman_Witting9@hotmail.com
Fletcher,Wolf,Fletcher Wolf,CB7 5UE,+13428414624,Fletcher.Wolf23@yahoo.com
Mark,Krajcik,Mark Krajcik,E17 0TU,+19637625364,Mark_Krajcik@yahoo.com
Cassandra,Gerhold,Cassandra Gerhold,SY10 8AU,+14177120193,Cassandra.Gerhold23@yahoo.com
August,Ebert,August Ebert,MK3 7AS,+17007898920,August_Ebert62@gmail.com
Ayla,Cole,Ayla Cole,SK4 4RB,+18878325377,Ayla_Cole@yahoo.com
Bulah,Fay,Bulah Fay,N13 5EN,+12235585257,Bulah_Fay@hotmail.com
Rahsaan,Rice,Rahsaan Rice,TF1 1JQ,+18412787308,Rahsaan_Rice@hotmail.com
Madge,Muller,Madge Muller,AL10 9EB,+18818278222,Madge_Muller@hotmail.com
Ernie,Stoltenberg,Ernie Stoltenberg,TS17 0DG,+13336888964,Ernie.Stoltenberg@yahoo.com
Javon,Breitenberg,Javon Breitenberg,CW6 9YP,+17963243220,Javon_Breitenberg3@gmail.com
Carmen,Lowe,Carmen Lowe,NE65 7XP,+12157015387,Carmen.Lowe@yahoo.com
Brigitte,Williamson,Brigitte Williamson,SA18 3BG,+15259466563,Brigitte.Williamson90@hotmail.com
John,Swift,John Swift,SL2 3TP,+18844202267,John_Swift@yahoo.com
Sedrick,Kautzer,Sedrick Kautzer,B46 3HN,+14029353790,Sedrick.Kautzer92@gmail.com
Luigi,Johnston,Luigi Johnston,BN12 5GE,+15507134150,Luigi_Johnston@yahoo.com
Reyes,Pagac,Reyes Pagac,JE4 5TR,+19069742627,Reyes_Pagac53@gmail.com
Leatha,Howe,Leatha Howe,TN6 3ES,+16896808291,Leatha.Howe@gmail.com
Aryanna,Considine,Aryanna Considine,FY5 3HE,+12999033717,Aryanna.Considine@gmail.com
Vernice,Rath-Veum,Vernice Rath-Veum,GU22 0BD,+19898157354,Vernice_Rath-Veum@hotmail.com
Charlie,Walsh,Charlie Walsh,BA14 8EL,+14026077388,Charlie.Walsh22@hotmail.com
Leone,Pollich,Leone Pollich,GL50 3RH,+17837964765,Leone.Pollich@hotmail.com
Sammie,O'Reilly,Sammie O'Reilly,CW12 4PX,+13952903706,Sammie.OReilly50@hotmail.com
Theresa,Prohaska,Theresa Prohaska,SY10 8AE,+12895867134,Theresa.Prohaska@hotmail.com
Reta,Becker,Reta Becker,G5 9TS,+13747569365,Reta_Becker@hotmail.com
Hipolito,Larson,Hipolito Larson,SE18 7DE,+12538025070,Hipolito.Larson0@hotmail.com
Sydnee,Kuhic,Sydnee Kuhic,SK8 7DT,+13172302436,Sydnee_Kuhic@gmail.com
Flo,Conroy,Flo Conroy,CW2 6JN,+13945428757,Flo_Conroy@gmail.com
Bradley,Huel,Bradley Huel,HP4 1JF,+16767247688,Bradley_Huel@gmail.com
Eula,Ward,Eula Ward,GL50 2PQ,+19746410910,Eula.Ward@gmail.com
Fleta,Kemmer,Fleta Kemmer,BB18 6WF,+13914314058,Fleta_Kemmer95@yahoo.com
Amie,Stracke,Amie Stracke,NW9 5GS,+15413187094,Amie.Stracke@hotmail.com
Kathryn,Bahringer,Kathryn Bahringer,BT15 4HE,+16185999192,Kathryn.Bahringer@yahoo.com
Raven,Beer,Raven Beer,FK4 1QR,+13453646477,Raven.Beer68@gmail.com
Destany,Kautzer,Destany Kautzer,B11 2NZ,+17784875829,Destany.Kautzer56@gmail.com
Angelita,Klocko,Angelita Klocko,TN2 3GD,+15376933098,Angelita.Klocko@gmail.com
Kasandra,Hayes,Kasandra Hayes,SK5 8DA,+16177567662,Kasandra.Hayes87@yahoo.com
Stephon,Padberg,Stephon Padberg,CA5 6LR,+12323384424,Stephon.Padberg@gmail.com
Jaclyn,VonRueden,Jaclyn VonRueden,TS25 2FB,+13825655784,Jaclyn_VonRueden@yahoo.com
Godfrey,Franecki,Godfrey Franecki,SS6 9JS,+17457976955,Godfrey.Franecki@gmail.com
Oswaldo,Wisoky,Oswaldo Wisoky,SK13 7PH,+19016642424,Oswaldo.Wisoky23@yahoo.com
Isabella,Cole,Isabella Cole,BT39 0RL,+18726373115,Isabella_Cole@hotmail.com
Tamara,Rice,Tamara Rice,SA65 9QU,+15948242044,Tamara.Rice59@yahoo.com
Ruthe,Bradtke,Ruthe Bradtke,NE61 5JA,+13486076548,Ruthe_Bradtke@hotmail.com
Tre,Crooks,Tre Crooks,BD18 1LS,+17287202499,Tre_Crooks@hotmail.com
Libbie,Lang,Libbie Lang,B45 0LN,+19638065633,Libbie.Lang55@yahoo.com
Rafaela,Gutmann,Rafaela Gutmann,HX3 7SR,+14853958902,Rafaela.Gutmann53@yahoo.com
Virginie,Prohaska-Towne,Virginie Prohaska-Towne,NP20 4HE,+14047789350,Virginie.Prohaska-Towne30@hotmail.com
Loy,Braun,Loy Braun,NG8 2DW,+14526147739,Loy.Braun20@yahoo.com
Lindsay,Abernathy,Lindsay Abernathy,DN17 2TW,+14066212215,Lindsay_Abernathy24@gmail.com
Norval,Gorczany,Norval Gorczany,EH20 9DW,+15335321228,Norval.Gorczany96@gmail.com
Libby,Morar,Libby Morar,BT5 6GR,+15214101505,Libby.Morar@yahoo.com
Pattie,Carroll,Pattie Carroll,TA23 0BB,+15905883557,Pattie_Carroll33@hotmail.com
Alan,Pfeffer,Alan Pfeffer,IP14 1NY,+17967953311,Alan.Pfeffer4@hotmail.com
Natalie,Lebsack-Hoppe,Natalie Lebsack-Hoppe,DN8 4BE,+18899965206,Natalie_Lebsack-Hoppe19@gmail.com
Kelley,McKenzie,Kelley McKenzie,BT14 6LR,+19458469245,Kelley_McKenzie@hotmail.com
Scottie,Wintheiser,Scottie Wintheiser,TD15 1JE,+15542950921,Scottie_Wintheiser29@hotmail.com
Isabel,Stoltenberg,Isabel Stoltenberg,SA2 7BX,+18412459884,Isabel_Stoltenberg44@hotmail.com
Dillon,Fadel,Dillon Fadel,S60 1JE,+19525417840,Dillon.Fadel@hotmail.com
Lance,Donnelly,Lance Donnelly,BL3 4JN,+13822142920,Lance_Donnelly@yahoo.com
Porter,Konopelski,Porter Konopelski,IP6 8FW,+15337232727,Porter_Konopelski47@gmail.com
Nedra,Terry,Nedra Terry,CV6 5BW,+12003213895,Nedra_Terry74@gmail.com
Lillian,Bernier,Lillian Bernier,W13 0UQ,+13719371670,Lillian.Bernier73@gmail.com
Clovis,Cronin,Clovis Cronin,PE19 6LR,+14289040551,Clovis.Cronin56@hotmail.com
Dorcas,Cummerata,Dorcas Cummerata,EN6 4NN,+14679913044,Dorcas_Cummerata@gmail.com
Reggie,Hessel,Reggie Hessel,DT2 8FA,+18882769042,Reggie_Hessel@yahoo.com
Dino,Bartell,Dino Bartell,SE13 7PG,+12185178684,Dino.Bartell@hotmail.com
Dejah,Purdy-O'Hara,Dejah Purdy-O'Hara,AB56 5ES,+14122647888,Dejah.Purdy-OHara37@yahoo.com
Chelsie,Reilly,Chelsie Reilly,TR16 6QS,+19415576564,Chelsie_Reilly94@gmail.com
Ricky,Weimann,Ricky Weimann,BT38 8DL,+13552998171,Ricky.Weimann@gmail.com
Jerome,Windler,Jerome Windler,CM2 7EL,+16123187332,Jerome_Windler@hotmail.com
Emilia,Spencer,Emilia Spencer,SA61 1ED,+17128545835,Emilia_Spencer25@gmail.com
Dillan,Bashirian,Dillan Bashirian,DL10 6DE,+12322838874,Dillan_Bashirian@gmail.com
Claudie,Gorczany,Claudie Gorczany,EX8 3JY,+15014018012,Claudie_Gorczany@gmail.com
Marcelino,Price,Marcelino Price,ST10 1UF,+13008011100,Marcelino.Price@gmail.com
Gerard,Bayer,Gerard Bayer,SL6 0AP,+17086426029,Gerard_Bayer@yahoo.com
Amelia,Simonis,Amelia Simonis,NR18 0RR,+15213306909,Amelia_Simonis@hotmail.com
Pierre,Wunsch,Pierre Wunsch,GL16 7BW,+19616954582,Pierre_Wunsch66@hotmail.com
Johnson,Howe,Johnson Howe,CT6 5RT,+15124116121,Johnson.Howe0@hotmail.com
Zella,Howell,Zella Howell,ME7 5EY,+17285375153,Zella_Howell@gmail.com
Annetta,Schuppe,Annetta Schuppe,OL13 9HW,+18186156463,Annetta.Schuppe@hotmail.com
Rocio,Wisoky,Rocio Wisoky,AB33 8QA,+17516996267,Rocio.Wisoky75@hotmail.com
Ralph,Kilback,Ralph Kilback,FY1 2AB,+18282880992,Ralph_Kilback@yahoo.com
Chaim,Johnson,Chaim Johnson,CW7 1HU,+19359348253,Chaim_Johnson@gmail.com
Zena,Skiles,Zena Skiles,SA33 4LE,+16398502371,Zena.Skiles@hotmail.com
Madaline,Mueller-Schiller,Madaline Mueller-Schiller,SY23 1NJ,+15032514041,Madaline_Mueller-Schiller23@hotmail.com
Janice,Bode,Janice Bode,SN2 7AF,+14316782990,Janice.Bode@yahoo.com
Pasquale,Hessel-Wuckert,Pasquale Hessel-Wuckert,MK41 9HZ,+14136683145,Pasquale_Hessel-Wuckert21@yahoo.com
Kamille,Wiza,Kamille Wiza,WD18 7LG,+18045286803,Kamille_Wiza@gmail.com
Yesenia,Mills,Yesenia Mills,SO50 6DS,+19324112056,Yesenia.Mills@hotmail.com
Toy,Boyle,Toy Boyle,W1H 4HP,+16014837503,Toy.Boyle62@hotmail.com
Gretchen,Bins-Zboncak,Gretchen Bins-Zboncak,NW1W 7PR,+13509398336,Gretchen.Bins-Zboncak@hotmail.com
Royal,Kilback,Royal Kilback,BB9 5LG,+15905428323,Royal_Kilback@hotmail.com
Kariane,Block,Kariane Block,TS10 2QP,+14665451521,Kariane_Block@gmail.com
Chadd,Abbott,Chadd Abbott,TA4 3HT,+14036239548,Chadd_Abbott@hotmail.com
Dina,Boyer,Dina Boyer,RG41 5AZ,+15708352187,Dina.Boyer@gmail.com
Irma,Deckow,Irma Deckow,MK1 1FE,+19949427281,Irma.Deckow@hotmail.com
Phyllis,Haley,Phyllis Haley,MK18 3DH,+15525293806,Phyllis_Haley78@gmail.com
Wanda,Fay,Wanda Fay,IV30 5US,+15413331272,Wanda.Fay82@yahoo.com
Allison,Reilly,Allison Reilly,CA4 0RP,+17408100398,Allison_Reilly@yahoo.com
Marcelle,Hamill,Marcelle Hamill,BT28 1LQ,+16378718537,Marcelle_Hamill@gmail.com
Maxie,Little,Maxie Little,EX31 3DU,+15272086668,Maxie.Little17@yahoo.com
Geraldine,Zulauf,Geraldine Zulauf,PE11 3LS,+18198276036,Geraldine_Zulauf14@yahoo.com
Harvey,Goldner,Harvey Goldner,L37 7DN,+13444990296,Harvey.Goldner@hotmail.com
Mikel,Witting,Mikel Witting,SS2 6RL,+17236543132,Mikel.Witting@yahoo.com
Bert,Kub,Bert Kub,OX10 7DU,+18302960975,Bert_Kub@gmail.com
Keon,Smitham,Keon Smitham,BD12 9BP,+14946454724,Keon.Smitham@hotmail.com
