first name,last name,fullname,postcode,phone number,email,latitude,longitude,member_numeric_data
Josh,Rice,Josh Rice,CW3 9LR,+443009241817,Josh_Rice@gmail.com,53.006919,-2.320369,49
Jonathan,Ankunding,Jonathan Ankunding,CM18 7DE,+446327903048,Jonathan_Ankunding48@gmail.com,51.755202,0.113812,25
Myrtie,Mitchell,Myrtie Mitchell,G41 4RE,+442433022869,Myrtie.Mitchell@yahoo.com,55.835498,-4.29856,44
Paolo,Nicolas,Paolo Nicolas,LE14 4UF,+443134116031,Paolo.Nicolas15@gmail.com,52.806717,-0.916739,79
Gwendolyn,Bashirian,Gwendolyn Bashirian,NN10 9SF,+443094184221,Gwendolyn.Bashirian94@yahoo.com,52.292494,-0.600241,11
Rubie,Daniel,Rubie Daniel,CT11 0EB,+449164382284,Rubie_Daniel@hotmail.com,51.331512,1.40299,100
Breanna,Kihn,Breanna Kihn,PR5 5XT,+446683424016,Breanna.Kihn18@gmail.com,53.715913,-2.685238,14
Holden,Kemmer,Holden Kemmer,PL19 8BD,+443904557215,Holden_Kemmer41@hotmail.com,50.54877,-4.146675,42
Penelope,Kuhic,Penelope Kuhic,PE21 0SE,+444793512092,Penelope.Kuhic42@gmail.com,52.964766,0.035407,13
Merl,Blanda,Merl Blanda,TW14 8HL,+445716885779,Merl_Blanda@gmail.com,51.454163,-0.429793,74
Clark,Rodriguez,Clark Rodriguez,LN2 5TA,+442716815875,Clark.Rodriguez@gmail.com,53.233461,-0.525289,74
Jeffrey,Mayer,Jeffrey Mayer,SP10 2QB,+448694697353,Jeffrey_Mayer@hotmail.com,51.208109,-1.46662,86
Jaime,Stokes,Jaime Stokes,M24 1WG,+443675990831,Jaime_Stokes@yahoo.com,53.543428,-2.203124,14
Neva,Kulas,Neva Kulas,W9 3TT,+447375622565,Neva.Kulas@yahoo.com,51.522417,-0.195959,62
Eda,Murphy,Eda Murphy,WF9 4NL,+445446617554,Eda.Murphy@gmail.com,53.612282,-1.363751,96
Onie,McDermott,Onie McDermott,CF32 7ST,+445917527077,Onie.McDermott2@gmail.com,51.617719,-3.534444,36
Vesta,Emard,Vesta Emard,HD1 2JF,+448958977823,Vesta_Emard@hotmail.com,53.646414,-1.785444,6
Chesley,Hettinger,Chesley Hettinger,DN32 9FE,+448312976714,Chesley_Hettinger4@hotmail.com,53.553196,-0.071962,31
Laron,O'Reilly,Laron O'Reilly,G13 2HH,+443424006637,Laron.OReilly11@yahoo.com,55.900316,-4.347089,57
Angel,Crooks,Angel Crooks,E11 3LB,+448732430697,Angel.Crooks@gmail.com,51.557204,0.009592,84
Stephan,Dicki,Stephan Dicki,BD6 1QS,+449697927658,Stephan_Dicki37@yahoo.com,53.767237,-1.773392,18
Horacio,Schuppe,Horacio Schuppe,HG1 4SL,+448609465693,Horacio.Schuppe50@gmail.com,53.999319,-1.510117,59
Bobbie,Dare,Bobbie Dare,DH8 0RU,+444664562317,Bobbie.Dare@yahoo.com,54.865501,-1.856564,88
Breana,Pfannerstill,Breana Pfannerstill,ML11 7RL,+449287276889,Breana_Pfannerstill92@gmail.com,55.687082,-3.752176,61
Vernie,Legros,Vernie Legros,DL1 5TF,+442357704096,Vernie_Legros@yahoo.com,54.5127,-1.558941,7
Sigurd,Lind,Sigurd Lind,NP22 5QA,+446276081943,Sigurd.Lind@yahoo.com,51.756097,-3.277046,15
Marques,Pagac,Marques Pagac,LS21 2AZ,+444733700091,Marques_Pagac42@hotmail.com,53.916152,-1.704686,27
Jaqueline,Wiza,Jaqueline Wiza,LA8 9PX,+448435448287,Jaqueline.Wiza37@gmail.com,54.39002,-2.846011,100
Buddy,Wunsch,Buddy Wunsch,M15 5GW,+447335075384,Buddy_Wunsch4@yahoo.com,53.47103,-2.249057,78
Brooklyn,Thompson,Brooklyn Thompson,BB12 0HN,+447943424921,Brooklyn_Thompson@yahoo.com,53.793719,-2.267667,19
Bertrand,Corkery,Bertrand Corkery,BT60 3UP,+445938896334,Bertrand_Corkery38@yahoo.com,54.24411,-6.711079,82
Johnathon,Bins,Johnathon Bins,SE17 2HD,+442717688869,Johnathon_Bins@gmail.com,51.488401,-0.092769,3
Kenya,Mraz,Kenya Mraz,HP13 7UX,+446688752674,Kenya_Mraz51@hotmail.com,51.634761,-0.721478,11
Talia,Jakubowski,Talia Jakubowski,NP11 4NP,+448372509771,Talia.Jakubowski@gmail.com,51.663489,-3.158249,14
Montana,Schuppe,Montana Schuppe,NR15 1HE,+442213000281,Montana.Schuppe64@gmail.com,52.54982,1.337627,80
Deonte,Reilly,Deonte Reilly,S12 3JL,+448508748294,Deonte.Reilly3@yahoo.com,53.343604,-1.425611,42
Hugh,Lang,Hugh Lang,SE25 5FB,+444428661666,Hugh.Lang@gmail.com,51.396582,-0.076091,45
Aliza,Runolfsdottir,Aliza Runolfsdottir,CM15 9DH,+449802923445,Aliza_Runolfsdottir@yahoo.com,51.624627,0.302135,43
Monroe,Heaney,Monroe Heaney,SN7 8FT,+445074182127,Monroe.Heaney@hotmail.com,51.636,-1.515844,58
Holly,MacGyver,Holly MacGyver,BB9 9JW,+445833254509,Holly.MacGyver98@yahoo.com,53.838647,-2.200103,1
Toni,Orn,Toni Orn,IP22 2AH,+445609297606,Toni.Orn@yahoo.com,52.388509,1.038093,22
Mazie,Murazik,Mazie Murazik,WN4 0AF,+445547313512,Mazie_Murazik1@gmail.com,53.50529,-2.649,98
Carlo,Corwin,Carlo Corwin,SE5 0LS,+448009114908,Carlo_Corwin51@yahoo.com,51.477619,-0.098302,51
Enrico,Thompson,Enrico Thompson,BT31 9RD,+447198904362,Enrico_Thompson30@hotmail.com,54.292812,-6.05006,47
Turner,Collins,Turner Collins,WV10 7NZ,+448439898969,Turner.Collins@hotmail.com,52.654592,-2.117253,0
Cassandre,Kshlerin,Cassandre Kshlerin,S66 7LT,+444936298358,Cassandre_Kshlerin@yahoo.com,53.42145,-1.198308,53
Eliseo,Mayer,Eliseo Mayer,M45 8HD,+447503132208,Eliseo_Mayer@gmail.com,53.545648,-2.27921,47
Aracely,Carter,Aracely Carter,DE22 3HF,+448748676285,Aracely_Carter46@yahoo.com,52.927538,-1.495719,55
Keon,Macejkovic,Keon Macejkovic,M43 7JH,+448765934353,Keon_Macejkovic86@gmail.com,53.484447,-2.13292,57
Mike,Huels,Mike Huels,PO3 5TQ,+449953925384,Mike_Huels82@hotmail.com,50.829507,-1.048989,81
Flavie,Koss,Flavie Koss,NW1 8RU,+442168785101,Flavie_Koss58@gmail.com,51.542776,-0.145182,29
Ivah,Dibbert,Ivah Dibbert,ST3 2EF,+447702403468,Ivah_Dibbert83@gmail.com,52.985598,-2.153247,50
Heidi,Johns,Heidi Johns,ME12 3UJ,+442964624475,Heidi_Johns98@hotmail.com,51.427444,0.779567,3
Mittie,McLaughlin,Mittie McLaughlin,PH1 2QQ,+443224818157,Mittie.McLaughlin@hotmail.com,56.411878,-3.465761,60
Fredy,Nitzsche,Fredy Nitzsche,KW1 5NP,+442015715924,Fredy_Nitzsche68@gmail.com,58.435968,-3.093454,38
Pablo,Waters,Pablo Waters,CA6 4AP,+448273090434,Pablo.Waters@gmail.com,54.923389,-2.989625,6
Blaise,Murray,Blaise Murray,WS5 3BB,+444198276282,Blaise.Murray@hotmail.com,52.579222,-1.943519,87
Estevan,Herman,Estevan Herman,NG16 6GA,+445668344978,Estevan.Herman@hotmail.com,53.074196,-1.315149,87
Marlene,Ondricka,Marlene Ondricka,BA14 4TZ,+447672625902,Marlene.Ondricka@hotmail.com,51.320795,-2.205309,3
Brenden,Hahn,Brenden Hahn,NG4 2JF,+446229940816,Brenden.Hahn99@gmail.com,52.961891,-1.070948,70
Peter,Brown,Peter Brown,CW8 2UW,+447403690068,Peter.Brown@gmail.com,53.244996,-2.614616,15
Maurice,Crona,Maurice Crona,ME13 8TP,+447932500975,Maurice_Crona46@gmail.com,51.312769,0.871294,34
Leatha,Stoltenberg,Leatha Stoltenberg,TQ12 6BZ,+442879592635,Leatha.Stoltenberg@gmail.com,50.511211,-3.629902,33
Dereck,Romaguera,Dereck Romaguera,YO26 5EZ,+447568233525,Dereck.Romaguera24@yahoo.com,53.961277,-1.130385,21
Julius,Fisher,Julius Fisher,IP14 5NS,+446014200298,Julius_Fisher64@hotmail.com,52.254316,1.102418,34
Sibyl,Stamm-Kreiger,Sibyl Stamm-Kreiger,NE23 6EY,+448583477586,Sibyl.Stamm-Kreiger12@yahoo.com,55.07626,-1.576594,72
Marcelo,Ledner,Marcelo Ledner,PH1 3XT,+442272374174,Marcelo_Ledner35@gmail.com,56.41532,-3.518056,78
Mireille,Hickle,Mireille Hickle,B23 3AG,+445308672766,Mireille_Hickle@yahoo.com,52.524865,-1.840679,37
Raul,Lebsack,Raul Lebsack,DA3 8QN,+449867247229,Raul_Lebsack@yahoo.com,51.360602,0.308623,84
Evelyn,Monahan,Evelyn Monahan,NN18 9PL,+445508223677,Evelyn.Monahan@hotmail.com,52.467063,-0.729452,1
Fabian,Greenholt,Fabian Greenholt,TN15 8SP,+443594935785,Fabian_Greenholt24@yahoo.com,51.290226,0.309694,12
Cristopher,Russel,Cristopher Russel,EX5 1EE,+442042350755,Cristopher_Russel@yahoo.com,50.680107,-3.393926,23
Ted,Mraz,Ted Mraz,DE45 1HS,+442422356663,Ted_Mraz60@yahoo.com,53.247667,-1.621959,27
Xavier,Dicki,Xavier Dicki,GU18 5RH,+446607274358,Xavier.Dicki23@hotmail.com,51.353521,-0.676675,7
Kiley,Kohler,Kiley Kohler,CH1 5FA,+449226645401,Kiley_Kohler@yahoo.com,53.206295,-2.919647,52
Antwan,Jacobi,Antwan Jacobi,B79 0NN,+447675704117,Antwan.Jacobi@yahoo.com,52.665735,-1.589138,28
Benton,Welch,Benton Welch,EX19 8PD,+448025312477,Benton_Welch85@hotmail.com,50.874563,-4.037262,7
Ernesto,Heathcote,Ernesto Heathcote,BN22 9AD,+448158172121,Ernesto.Heathcote85@hotmail.com,50.792969,0.284609,35
Katherine,Corwin,Katherine Corwin,CH49 2NJ,+443317231433,Katherine.Corwin55@gmail.com,53.384606,-3.115391,5
Cydney,Rohan,Cydney Rohan,SW1V 1PJ,+449186065521,Cydney_Rohan41@gmail.com,51.492093,-0.142948,93
Antonette,Rempel,Antonette Rempel,FK3 8TD,+447927765980,Antonette.Rempel@gmail.com,56.003602,-3.727862,27
Viviane,Kulas,Viviane Kulas,NP4 6EA,+444374445002,Viviane.Kulas19@yahoo.com,51.706375,-3.050785,75
Verdie,Jones,Verdie Jones,M14 0DW,+448958679285,Verdie.Jones@yahoo.com,53.439355,-2.221158,12
Dane,Schmidt,Dane Schmidt,S10 2FY,+443102080385,Dane_Schmidt@gmail.com,53.378034,-1.489862,25
Cole,Wunsch,Cole Wunsch,BA4 6HA,+447099229538,Cole.Wunsch@hotmail.com,51.148937,-2.445403,95
Alyson,Boehm,Alyson Boehm,KT4 7LY,+447212669236,Alyson_Boehm98@yahoo.com,51.380668,-0.259191,29
Ernie,Kling,Ernie Kling,CT5 3JH,+445276427853,Ernie.Kling59@yahoo.com,51.352784,1.064682,88
Brett,Schuster,Brett Schuster,LS21 2RB,+446684484981,Brett.Schuster43@gmail.com,53.93959,-1.682479,37
Abbey,Balistreri,Abbey Balistreri,L39 9EB,+445823069719,Abbey_Balistreri@gmail.com,53.549537,-2.860496,37
Krystina,Gibson,Krystina Gibson,N7 7HU,+449033456277,Krystina_Gibson11@yahoo.com,51.563624,-0.115463,43
Mekhi,Torp,Mekhi Torp,TW18 4JN,+444815082157,Mekhi_Torp@hotmail.com,51.437226,-0.491018,51
Autumn,Corkery,Autumn Corkery,TQ12 1JD,+449752923431,Autumn_Corkery62@hotmail.com,50.525086,-3.608779,23
Dorothy,Kulas,Dorothy Kulas,SO41 0AF,+448103413134,Dorothy.Kulas@yahoo.com,50.725757,-1.584664,24
America,Satterfield,America Satterfield,NG24 3TZ,+442799446963,America.Satterfield28@yahoo.com,53.05757,-0.849106,0
Olaf,Pagac,Olaf Pagac,NG20 8DL,+444746264368,Olaf_Pagac61@gmail.com,53.201746,-1.224792,77
Velda,Weber,Velda Weber,HU6 7LH,+443407212004,Velda.Weber73@yahoo.com,53.770378,-0.353912,70
Audreanne,Kulas,Audreanne Kulas,BT49 9JD,+444058118821,Audreanne_Kulas@gmail.com,55.039919,-7.0623,90
Morgan,Bins,Morgan Bins,NG34 8JY,+442493431468,Morgan.Bins74@gmail.com,53.027639,-0.430335,74
Daphnee,Harvey,Daphnee Harvey,NG11 6EL,+446764620753,Daphnee_Harvey67@hotmail.com,52.893507,-1.150195,19
Bertram,Ankunding,Bertram Ankunding,IP2 8AN,+444538416377,Bertram_Ankunding@hotmail.com,52.050599,1.144675,93
Birdie,McKenzie,Birdie McKenzie,N18 2TJ,+445968250016,Birdie.McKenzie@hotmail.com,51.610309,-0.06886,93
Chad,Leffler,Chad Leffler,B10 0EA,+448029350437,Chad_Leffler@gmail.com,52.472417,-1.870431,54
Seth,Pagac,Seth Pagac,TQ12 1QW,+443906139666,Seth_Pagac@hotmail.com,50.535476,-3.617726,52
Austin,Stiedemann,Austin Stiedemann,MK18 5NR,+447553348768,Austin_Stiedemann@hotmail.com,52.029756,-0.939914,99
Lamont,Waters,Lamont Waters,LN3 4GP,+442407746410,Lamont.Waters@yahoo.com,53.242532,-0.472436,99
Anabel,Cole,Anabel Cole,DD4 0UJ,+449639574802,Anabel_Cole61@hotmail.com,56.491109,-2.896152,1
Danika,Price,Danika Price,ME14 9WH,+446079715991,Danika.Price23@hotmail.com,51.237694,0.563687,91
Tamara,Bailey,Tamara Bailey,EC2A 1RS,+442954699081,Tamara.Bailey@gmail.com,51.519697,-0.087829,20
Delfina,Haag,Delfina Haag,CR3 5UF,+448208992534,Delfina.Haag@yahoo.com,51.285389,-0.08791,95
Ayla,Rau,Ayla Rau,L2 9TL,+445064922912,Ayla.Rau@yahoo.com,53.406045,-2.990002,95
Celestino,Casper,Celestino Casper,KA10 6SA,+446737642477,Celestino.Casper@gmail.com,55.558144,-4.652349,78
Alexandra,Ebert-Yundt,Alexandra Ebert-Yundt,SW9 7RR,+445165528337,Alexandra_Ebert-Yundt@hotmail.com,51.474593,-0.106924,0
Imani,Leuschke,Imani Leuschke,BA4 4AH,+445855153342,Imani.Leuschke@gmail.com,51.189168,-2.504903,1
Aryanna,Reilly,Aryanna Reilly,RH16 3RS,+444492612295,Aryanna.Reilly77@hotmail.com,50.995647,-0.086763,48
Tierra,Hodkiewicz,Tierra Hodkiewicz,CH45 7QR,+445375740506,Tierra.Hodkiewicz49@gmail.com,53.42864,-3.034879,59
Cooper,Mosciski,Cooper Mosciski,CV5 8LW,+444027392534,Cooper.Mosciski@hotmail.com,52.41021,-1.558303,86
Bridget,Hyatt,Bridget Hyatt,BN5 9AQ,+446384089561,Bridget_Hyatt@hotmail.com,50.958699,-0.245215,45
Jany,Sanford,Jany Sanford,BB9 8TE,+442809239111,Jany_Sanford@hotmail.com,53.847533,-2.201559,88
Damon,Lubowitz,Damon Lubowitz,B12 0TL,+444132524141,Damon_Lubowitz@gmail.com,52.468539,-1.884426,46
Raymundo,Gerhold,Raymundo Gerhold,BN2 4JZ,+448484550839,Raymundo.Gerhold83@hotmail.com,50.851853,-0.107327,93
Muriel,Hoeger,Muriel Hoeger,TW12 2DB,+449945860968,Muriel_Hoeger69@yahoo.com,51.414918,-0.365087,61
Rowan,Dickens-Renner,Rowan Dickens-Renner,S80 1JA,+446017718687,Rowan_Dickens-Renner71@hotmail.com,53.303037,-1.124896,30
Estel,Schmeler,Estel Schmeler,SY6 6BU,+449053582617,Estel_Schmeler76@yahoo.com,52.538738,-2.807699,65
Ursula,Boyer-Hintz,Ursula Boyer-Hintz,CM8 1HX,+446214181701,Ursula_Boyer-Hintz3@hotmail.com,51.787053,0.642388,99
Preston,Schuppe,Preston Schuppe,CT1 1ZH,+448163764392,Preston_Schuppe@hotmail.com,51.288289,1.094923,54
Rusty,Denesik,Rusty Denesik,KT6 7XF,+444422384619,Rusty.Denesik8@yahoo.com,51.377966,-0.29562,88
Heaven,Thiel,Heaven Thiel,BT28 2QW,+442755125917,Heaven_Thiel26@yahoo.com,54.515168,-6.080541,79
Jacklyn,Braun,Jacklyn Braun,LE3 9DB,+449335308429,Jacklyn_Braun@yahoo.com,52.635688,-1.156629,29
Morris,Lubowitz,Morris Lubowitz,B2 2NA,+446515605000,Morris.Lubowitz@hotmail.com,52.495968,-1.894209,50
Lavon,Corkery-Marks,Lavon Corkery-Marks,M7 2BL,+447528916512,Lavon_Corkery-Marks42@gmail.com,53.506514,-2.262683,18
Roosevelt,Schamberger,Roosevelt Schamberger,HP27 0AA,+444823120437,Roosevelt_Schamberger50@gmail.com,51.722345,-0.831598,62
Elenora,Hand,Elenora Hand,ML5 4LN,+445537013277,Elenora.Hand@yahoo.com,55.843214,-4.019842,76
Antwon,O'Hara,Antwon O'Hara,CB8 9EX,+443412090665,Antwon.OHara43@gmail.com,52.139137,0.501808,35
Annie,Daniel,Annie Daniel,G68 9PG,+442672264838,Annie_Daniel@gmail.com,55.941701,-4.050862,99
Jensen,Jacobson,Jensen Jacobson,TN34 1XX,+443038243216,Jensen.Jacobson@yahoo.com,50.860035,0.568832,86
Barbara,Walsh,Barbara Walsh,GL56 9PQ,+448918135023,Barbara_Walsh55@gmail.com,52.028574,-1.641445,74
Coy,Hyatt,Coy Hyatt,IM3 1ES,+448077875788,Coy_Hyatt59@hotmail.com,null,null,55
Angel,Greenholt,Angel Greenholt,PE6 0QA,+447717464836,Angel_Greenholt25@yahoo.com,52.620824,-0.108061,86
Braden,Marquardt,Braden Marquardt,SA14 6LB,+443067223617,Braden.Marquardt20@yahoo.com,51.789953,-4.12363,39
Edd,Klein,Edd Klein,YO62 7SQ,+448998872549,Edd.Klein@gmail.com,54.243852,-0.972811,10
Angelina,Ebert,Angelina Ebert,M33 2WB,+443735849541,Angelina.Ebert85@yahoo.com,53.427635,-2.299237,42
Justice,McGlynn,Justice McGlynn,ST4 6JS,+445495339434,Justice.McGlynn@hotmail.com,52.995916,-2.20774,70
Jerry,Weissnat,Jerry Weissnat,TQ9 6BA,+446827005606,Jerry_Weissnat62@gmail.com,50.490179,-3.692057,3
Alexandre,Welch,Alexandre Welch,BT48 8BP,+445175797911,Alexandre.Welch7@gmail.com,55.022528,-7.321937,71
Hyman,Brekke,Hyman Brekke,IP28 8ZG,+445904274807,Hyman_Brekke@yahoo.com,52.305547,0.497946,53
Trycia,Goodwin,Trycia Goodwin,NG10 3BA,+448145595230,Trycia.Goodwin@hotmail.com,52.880511,-1.295182,93
Sabryna,Renner,Sabryna Renner,DT4 9XG,+448369486520,Sabryna_Renner@gmail.com,50.605179,-2.460466,14
Terry,Collins,Terry Collins,PL3 5HN,+448139996955,Terry.Collins@hotmail.com,50.390061,-4.126259,81
George,Flatley,George Flatley,DL17 0EB,+447617548170,George_Flatley@gmail.com,54.657787,-1.562783,48
Layne,Herman,Layne Herman,L30 3TE,+448712878043,Layne_Herman82@yahoo.com,53.487993,-2.973943,76
Hillard,Schultz,Hillard Schultz,PO19 1SY,+447064376688,Hillard_Schultz68@hotmail.com,50.83454,-0.778087,94
Victoria,Terry-Wintheiser,Victoria Terry-Wintheiser,ME19 4AQ,+448154340185,Victoria_Terry-Wintheiser@yahoo.com,51.274665,0.3948,61
Simone,Blick,Simone Blick,SS1 2YN,+448557743156,Simone_Blick@gmail.com,51.53103,0.735449,49
Aryanna,Quitzon,Aryanna Quitzon,BL9 7TA,+444755988595,Aryanna_Quitzon98@hotmail.com,53.601949,-2.259634,6
Eda,Swaniawski,Eda Swaniawski,EH6 8QF,+444599636469,Eda_Swaniawski@gmail.com,55.96585,-3.170875,10
Roderick,Hilpert,Roderick Hilpert,SM1 4BR,+444504871714,Roderick_Hilpert@hotmail.com,51.36897,-0.193935,48
Sydnie,Jacobi,Sydnie Jacobi,G62 7LB,+443199547148,Sydnie.Jacobi@hotmail.com,55.949772,-4.330156,36
Marcelina,Shanahan,Marcelina Shanahan,G75 0ZW,+446149519381,Marcelina_Shanahan81@yahoo.com,55.734513,-4.166574,88
Marcelle,Schuppe,Marcelle Schuppe,B48 7PJ,+447962460919,Marcelle.Schuppe@yahoo.com,52.351542,-1.970674,34
Hildegard,Brekke,Hildegard Brekke,G65 0EL,+443898449163,Hildegard_Brekke64@hotmail.com,55.974573,-4.045534,24
Uriel,O'Reilly,Uriel O'Reilly,BT34 5PD,+445334499066,Uriel.OReilly25@yahoo.com,54.257351,-6.173017,3
Clementina,Klein,Clementina Klein,IP2 8PY,+448559184994,Clementina_Klein52@yahoo.com,52.041967,1.144272,40
Chloe,Kerluke,Chloe Kerluke,BN12 4QY,+443486146830,Chloe_Kerluke57@gmail.com,50.817301,-0.422624,36
Wilma,Trantow,Wilma Trantow,HP16 9QG,+444569000959,Wilma.Trantow@gmail.com,51.708653,-0.687754,12
Abbey,Hansen,Abbey Hansen,S20 2PN,+444948233487,Abbey.Hansen@hotmail.com,53.339441,-1.33051,44
Casimir,Schmitt,Casimir Schmitt,BT30 6JH,+443296704264,Casimir_Schmitt17@hotmail.com,54.325148,-5.70485,2
Reagan,Mante,Reagan Mante,PO19 6AE,+444488182154,Reagan_Mante87@hotmail.com,50.842431,-0.779329,25
Mazie,Schimmel,Mazie Schimmel,IP7 5RJ,+447052328064,Mazie.Schimmel@gmail.com,52.016973,0.93524,70
Amelia,Hegmann,Amelia Hegmann,CO15 3PD,+445426030558,Amelia_Hegmann@yahoo.com,51.800767,1.153101,80
George,Monahan,George Monahan,PE15 5SE,+449945807694,George_Monahan@hotmail.com,52.557923,0.090192,1
Emile,Bailey,Emile Bailey,BB3 1JG,+446255848070,Emile_Bailey@hotmail.com,53.700636,-2.481567,24
Angelina,Hills,Angelina Hills,PH1 4DS,+442499598954,Angelina_Hills@yahoo.com,56.500618,-3.516411,2
Wyatt,Boyle,Wyatt Boyle,GU1 2RS,+444665631863,Wyatt_Boyle@hotmail.com,51.243802,-0.53247,81
Maureen,Corkery,Maureen Corkery,S43 1ED,+445644729659,Maureen.Corkery5@gmail.com,53.258164,-1.392576,58
Victoria,Bergstrom,Victoria Bergstrom,BD23 5JT,+448326346059,Victoria_Bergstrom@hotmail.com,54.234425,-2.272204,38
Lera,Mayer,Lera Mayer,DD6 9HD,+446264286372,Lera.Mayer@yahoo.com,56.449306,-2.893414,35
Crystal,Morissette-Brekke,Crystal Morissette-Brekke,CH7 5FB,+444206732940,Crystal.Morissette-Brekke69@gmail.com,53.246768,-3.307069,78
Spencer,Spinka,Spencer Spinka,DA1 1YN,+446898249239,Spencer_Spinka@gmail.com,51.441965,0.232987,54
Kaden,Blanda,Kaden Blanda,KT5 9RL,+447139570643,Kaden_Blanda@hotmail.com,51.379706,-0.274417,90
Alejandra,Spinka,Alejandra Spinka,KA7 4SH,+443623864634,Alejandra_Spinka12@hotmail.com,55.439378,-4.614773,10
Imogene,Hauck,Imogene Hauck,NP20 3NN,+448223663664,Imogene_Hauck@hotmail.com,51.579585,-3.021014,55
Elnora,Legros,Elnora Legros,KT8 2RH,+448846697682,Elnora_Legros@hotmail.com,51.402742,-0.379324,97
Theodora,Nolan,Theodora Nolan,SO15 3RU,+444955098097,Theodora.Nolan3@gmail.com,50.912848,-1.431087,1
Treva,Jacobi,Treva Jacobi,RG17 0WL,+442274963914,Treva.Jacobi98@yahoo.com,51.433399,-1.537796,33
Marcus,Howe,Marcus Howe,SA1 8QR,+442266356175,Marcus_Howe@gmail.com,51.624593,-3.86153,60
Litzy,Nikolaus,Litzy Nikolaus,AB43 7JT,+444543094513,Litzy.Nikolaus82@yahoo.com,57.698537,-2.117244,44
Colton,Roob,Colton Roob,SL4 5EY,+443555632922,Colton_Roob95@yahoo.com,51.483647,-0.627288,95
Imani,Ward,Imani Ward,CO9 3JX,+449076671016,Imani_Ward95@gmail.com,51.973813,0.589081,59
Adrain,Kerluke,Adrain Kerluke,DD4 8XW,+448774383232,Adrain.Kerluke53@gmail.com,56.479452,-2.935638,71
Zaria,O'Conner,Zaria O'Conner,TQ12 5EJ,+448868268272,Zaria_OConner@yahoo.com,50.500673,-3.578098,48
John,Kling,John Kling,DE6 1AE,+447929837872,John.Kling@yahoo.com,53.016486,-1.734538,86
Kurt,Mueller,Kurt Mueller,HR1 1RG,+446728989357,Kurt.Mueller@hotmail.com,52.056334,-2.695884,86
Doug,Zieme,Doug Zieme,NG12 3RQ,+442077460834,Doug_Zieme92@hotmail.com,52.907948,-1.032952,48
Willow,Fadel,Willow Fadel,TS19 0RQ,+448199219512,Willow_Fadel48@yahoo.com,54.575486,-1.33529,40
Sigrid,Zieme,Sigrid Zieme,PR4 1JF,+442784855067,Sigrid.Zieme38@yahoo.com,53.755367,-2.856219,96
Allan,Maggio,Allan Maggio,GU34 1UP,+443866692632,Allan_Maggio@yahoo.com,51.14907,-0.971137,47
Lela,Luettgen,Lela Luettgen,EH42 1QE,+443918937102,Lela_Luettgen@hotmail.com,55.988355,-2.520673,55
Annamae,Kerluke,Annamae Kerluke,LL65 2UL,+442733837090,Annamae_Kerluke@hotmail.com,53.281142,-4.618199,89
Stanley,Nienow,Stanley Nienow,NE61 2HL,+442792578793,Stanley.Nienow54@gmail.com,55.159702,-1.676407,8
Larissa,Becker,Larissa Becker,L23 4TS,+449662702590,Larissa_Becker@yahoo.com,53.505194,-3.027983,59
Merlin,Jacobson,Merlin Jacobson,FY5 2ZE,+446396125059,Merlin.Jacobson@gmail.com,53.887794,-3.0242,65
Imani,Ruecker,Imani Ruecker,EH19 2BE,+445655634511,Imani_Ruecker@hotmail.com,55.876229,-3.115879,36
Tierra,Gerlach,Tierra Gerlach,LS27 8LX,+449204948346,Tierra.Gerlach@gmail.com,53.751684,-1.59985,38
Phoebe,Bode,Phoebe Bode,BA4 5SB,+446942648164,Phoebe.Bode47@yahoo.com,51.188968,-2.549403,82
Ignacio,Durgan,Ignacio Durgan,HU9 4BG,+447033288813,Ignacio.Durgan@yahoo.com,53.774935,-0.2603,12
Celestino,Gibson,Celestino Gibson,SE16 7AF,+447079463609,Celestino_Gibson@hotmail.com,51.49297,-0.040429,44
Adah,Leannon,Adah Leannon,BB9 6HT,+447776179516,Adah.Leannon46@gmail.com,53.855446,-2.215006,66
Ambrose,Rodriguez,Ambrose Rodriguez,KT19 8TY,+444075359646,Ambrose.Rodriguez65@gmail.com,51.335489,-0.264635,14
Emmy,Waelchi,Emmy Waelchi,NP7 8HS,+445994870028,Emmy.Waelchi@gmail.com,51.905847,-2.885113,70
Cristobal,Paucek,Cristobal Paucek,EH48 3AS,+444423841216,Cristobal.Paucek27@gmail.com,55.911229,-3.69839,65
Maeve,Lesch,Maeve Lesch,GU11 1SQ,+448313148827,Maeve.Lesch@hotmail.com,51.251314,-0.776762,86
Kaleigh,Hickle-Cummings,Kaleigh Hickle-Cummings,SE1 3AE,+449782435755,Kaleigh_Hickle-Cummings@yahoo.com,51.495928,-0.075671,92
Destin,Yost,Destin Yost,EX5 3EX,+444929808992,Destin.Yost42@hotmail.com,50.764391,-3.443621,68
Modesto,Kertzmann,Modesto Kertzmann,BT94 2DT,+442387630785,Modesto.Kertzmann@hotmail.com,54.4127,-7.532332,51
Danial,Kunde,Danial Kunde,G51 3AS,+444093253565,Danial.Kunde@gmail.com,55.864637,-4.316216,0
Kenton,Rau,Kenton Rau,W1G 8NG,+442642058630,Kenton_Rau56@yahoo.com,51.52002,-0.150028,75
Tanya,Becker-Veum,Tanya Becker-Veum,SL4 5HT,+446449482804,Tanya_Becker-Veum33@hotmail.com,51.488022,-0.636908,66
Ophelia,Jenkins,Ophelia Jenkins,HX6 2UP,+444832470095,Ophelia.Jenkins87@hotmail.com,53.713613,-1.92045,17
Emilia,Barton,Emilia Barton,WR8 0RG,+444729105478,Emilia.Barton54@gmail.com,52.034314,-2.225108,33
Lane,Schamberger,Lane Schamberger,YO32 5TB,+442553901659,Lane_Schamberger@hotmail.com,54.027602,-1.041026,35
Hope,Bednar,Hope Bednar,L33 4BB,+445998532082,Hope.Bednar@hotmail.com,53.497599,-2.893799,5
Maynard,O'Conner,Maynard O'Conner,PL2 3SW,+447605876278,Maynard_OConner28@hotmail.com,50.397506,-4.142113,22
Marvin,Maggio,Marvin Maggio,DD1 4NA,+447098880684,Marvin.Maggio82@hotmail.com,56.454302,-2.985853,14
Lera,Terry,Lera Terry,ML6 8UA,+449615045573,Lera.Terry@hotmail.com,55.843618,-3.9588,76
Edwin,Baumbach,Edwin Baumbach,S35 7BS,+449273177737,Edwin_Baumbach96@hotmail.com,53.506651,-1.562534,84
Araceli,Cummerata,Araceli Cummerata,B49 6EG,+444644331073,Araceli.Cummerata@hotmail.com,52.223488,-1.862676,55
Gust,Koelpin,Gust Koelpin,ML12 6JB,+445283601728,Gust.Koelpin0@yahoo.com,55.601072,-3.406103,3
Dena,Waelchi,Dena Waelchi,IG6 1NQ,+446264638402,Dena_Waelchi84@hotmail.com,51.584587,0.087319,47
Abdul,Hudson,Abdul Hudson,FK5 4JG,+446249449091,Abdul.Hudson10@gmail.com,56.033914,-3.817156,48
Donna,Hegmann,Donna Hegmann,CT6 6PW,+444905666727,Donna.Hegmann7@hotmail.com,51.371164,1.15693,18
Jeanette,Ferry,Jeanette Ferry,PL2 1LY,+442018817164,Jeanette_Ferry96@yahoo.com,50.384937,-4.167501,97
Angelita,Howe,Angelita Howe,B21 8BS,+443924221989,Angelita_Howe@hotmail.com,52.513371,-1.944193,44
Mittie,Green,Mittie Green,DD3 9RZ,+447372343260,Mittie_Green@yahoo.com,56.499459,-3.005901,23
Tyler,Farrell,Tyler Farrell,IP5 2YX,+444167484446,Tyler_Farrell@yahoo.com,52.065087,1.255912,10
Alba,Beer,Alba Beer,GL52 6JN,+446532113167,Alba_Beer@gmail.com,51.893565,-2.057695,35
Daphne,Spinka,Daphne Spinka,L27 7DE,+449948637251,Daphne.Spinka@gmail.com,53.388047,-2.838742,70
Art,Reichel,Art Reichel,W1J 6NZ,+445676219996,Art.Reichel@gmail.com,51.510893,-0.145527,90
Keven,Roberts,Keven Roberts,M9 8AU,+442175987702,Keven_Roberts@gmail.com,53.519837,-2.216599,12
Freeman,Oberbrunner,Freeman Oberbrunner,TS22 5LN,+446754520215,Freeman_Oberbrunner35@gmail.com,54.623315,-1.303428,9
Lottie,Mraz,Lottie Mraz,TN21 0FP,+443869750620,Lottie_Mraz84@yahoo.com,50.971245,0.243863,59
Damien,McClure,Damien McClure,SO51 0BD,+443162083772,Damien.McClure55@gmail.com,51.005501,-1.475875,10
Vincenzo,Pfeffer,Vincenzo Pfeffer,HA8 9AR,+442097101687,Vincenzo_Pfeffer6@gmail.com,51.608715,-0.274745,96
Bulah,Greenholt,Bulah Greenholt,EH3 6HF,+447787564738,Bulah_Greenholt42@hotmail.com,55.955728,-3.205052,15
Aiyana,Stanton,Aiyana Stanton,DE72 3PX,+442876033378,Aiyana.Stanton@hotmail.com,52.894989,-1.339839,52
Lavern,Erdman,Lavern Erdman,DE21 6UB,+447906044471,Lavern_Erdman23@gmail.com,52.917601,-1.423495,76
Jaylon,Zieme,Jaylon Zieme,NE10 8PR,+448739019397,Jaylon.Zieme@hotmail.com,54.942784,-1.552785,2
Carmella,Huels,Carmella Huels,DD3 6UA,+446076401410,Carmella_Huels@yahoo.com,56.467536,-2.97563,27
Dillon,Lehner,Dillon Lehner,BA16 0FY,+448317243428,Dillon_Lehner61@hotmail.com,51.119309,-2.750921,80
Layne,Emmerich,Layne Emmerich,S21 3WG,+446836234822,Layne_Emmerich@gmail.com,53.291988,-1.312603,30
Drew,Hirthe,Drew Hirthe,KY11 1LD,+447633853544,Drew.Hirthe@gmail.com,56.011017,-3.401202,7
Jeanie,Schoen,Jeanie Schoen,HP4 3AW,+443779666402,Jeanie_Schoen16@yahoo.com,51.757785,-0.564565,45
Ola,Johns,Ola Johns,BB9 8AP,+444034669540,Ola_Johns55@yahoo.com,53.841302,-2.197684,3
Evie,Lakin-Kris,Evie Lakin-Kris,LL57 3SH,+444124653757,Evie.Lakin-Kris53@yahoo.com,53.181923,-4.056099,51
Edna,Dach,Edna Dach,BA20 2GL,+446353941533,Edna_Dach@hotmail.com,50.937494,-2.667604,43
Jesus,Konopelski,Jesus Konopelski,SN10 4PQ,+445845231064,Jesus.Konopelski@gmail.com,51.296145,-1.971014,13
Eda,Fahey-Farrell,Eda Fahey-Farrell,HU16 4JJ,+443792794945,Eda_Fahey-Farrell52@yahoo.com,53.788174,-0.40633,79
Mara,Wehner,Mara Wehner,PO19 7DP,+445083025459,Mara.Wehner@gmail.com,50.832607,-0.773011,7
Weston,Marks,Weston Marks,M5 3HJ,+442337830915,Weston_Marks@gmail.com,53.472654,-2.27492,29
Hillary,Cartwright,Hillary Cartwright,SP6 3NW,+444234657297,Hillary.Cartwright@hotmail.com,50.96474,-1.837491,55
Virgil,Ferry,Virgil Ferry,BT80 8XR,+442652146617,Virgil_Ferry41@gmail.com,54.636492,-6.737708,96
Crawford,Morar,Crawford Morar,M41 6PT,+446406432266,Crawford_Morar45@gmail.com,53.441129,-2.391297,83
Jeramy,Lindgren,Jeramy Lindgren,AL1 5PT,+445308690105,Jeramy.Lindgren17@hotmail.com,51.746531,-0.315029,89
Valerie,Beier,Valerie Beier,IP18 6EL,+445587081518,Valerie_Beier77@yahoo.com,52.325682,1.681475,85
Leilani,Raynor,Leilani Raynor,NN15 5AJ,+446699312202,Leilani_Raynor1@hotmail.com,52.390162,-0.683121,42
Virginia,Lowe,Virginia Lowe,NP7 8DW,+443976716401,Virginia.Lowe@gmail.com,51.892592,-2.969777,70
Isac,Padberg,Isac Padberg,PO9 4BH,+442518292196,Isac.Padberg@hotmail.com,50.866032,-1.001067,47
Janae,Bergstrom,Janae Bergstrom,AB53 4FH,+445063071969,Janae_Bergstrom67@yahoo.com,57.538032,-2.449263,58
Julia,Dach,Julia Dach,EX14 1QZ,+442648257079,Julia_Dach@yahoo.com,50.794831,-3.196745,9
Carlos,Carter,Carlos Carter,EX15 2LP,+442942484372,Carlos_Carter@yahoo.com,50.824704,-3.342331,61
Mafalda,Runte,Mafalda Runte,LA2 6EN,+447596173507,Mafalda.Runte@yahoo.com,54.090471,-2.809841,70
Mattie,Collier,Mattie Collier,CO10 9LP,+447405339895,Mattie.Collier70@hotmail.com,52.116561,0.79574,13
Moshe,Boehm-Tromp,Moshe Boehm-Tromp,BA15 1RN,+446967326587,Moshe_Boehm-Tromp8@gmail.com,51.352859,-2.256001,37
Dawn,Hermiston,Dawn Hermiston,SE27 9HJ,+442807174655,Dawn_Hermiston55@yahoo.com,51.43654,-0.099419,43
Jamey,Littel,Jamey Littel,S25 3RQ,+443165145568,Jamey_Littel15@hotmail.com,53.377116,-1.229506,13
Dorthy,Stiedemann,Dorthy Stiedemann,SE1 0LL,+445245409010,Dorthy.Stiedemann23@hotmail.com,51.503379,-0.098599,70
Electa,Dickens,Electa Dickens,G78 2FN,+448613594352,Electa_Dickens@hotmail.com,55.786651,-4.395021,50
Marilyne,Denesik,Marilyne Denesik,PA1 1YT,+443777782896,Marilyne.Denesik83@hotmail.com,55.841062,-4.423988,82
Emma,Skiles,Emma Skiles,SY22 6BH,+447212751017,Emma_Skiles51@hotmail.com,52.774782,-3.157534,8
Beau,Williamson,Beau Williamson,GU34 5DT,+443598573137,Beau.Williamson59@hotmail.com,51.113053,-1.037424,75
Jaylen,Lowe,Jaylen Lowe,BT79 0XH,+448339605451,Jaylen.Lowe@gmail.com,54.531589,-7.212692,96
Eliza,Smitham,Eliza Smitham,BN11 5HY,+443123107279,Eliza_Smitham@hotmail.com,50.810483,-0.396821,62
Shad,Auer,Shad Auer,HP22 6DA,+442914644749,Shad.Auer@hotmail.com,51.765079,-0.747285,56
Creola,Labadie,Creola Labadie,RH11 0AP,+444802959249,Creola.Labadie47@yahoo.com,51.124091,-0.206729,51
Cathryn,Wintheiser,Cathryn Wintheiser,WN8 8FD,+447709528131,Cathryn.Wintheiser@hotmail.com,53.552834,-2.811929,59
Caden,Kovacek,Caden Kovacek,DE21 7EA,+447129535653,Caden.Kovacek84@gmail.com,52.921182,-1.402298,81
Kianna,Oberbrunner,Kianna Oberbrunner,B43 6AH,+443138438801,Kianna_Oberbrunner@hotmail.com,52.544827,-1.944419,92
Aurelio,Kuphal,Aurelio Kuphal,AB43 8AE,+446192722382,Aurelio.Kuphal17@hotmail.com,57.637935,-2.003526,1
Davion,Hermann,Davion Hermann,LN13 9JP,+448269683451,Davion.Hermann72@yahoo.com,53.252441,0.255651,21
Justice,Swaniawski,Justice Swaniawski,N14 5QE,+442467791064,Justice_Swaniawski21@hotmail.com,51.636031,-0.134646,79
Daron,Nolan,Daron Nolan,LS13 2BG,+445976285358,Daron.Nolan@yahoo.com,53.808925,-1.623602,72
Hector,Considine,Hector Considine,WV5 8HQ,+445802429815,Hector_Considine50@hotmail.com,52.530556,-2.210143,79
Demetris,Hamill,Demetris Hamill,G44 4QA,+442002781152,Demetris_Hamill@gmail.com,55.824177,-4.244408,74
Karelle,Green-Hane,Karelle Green-Hane,DN4 6PA,+445847823501,Karelle_Green-Hane38@hotmail.com,53.507142,-1.069374,48
Harrison,Homenick,Harrison Homenick,TW19 5AE,+445566891182,Harrison.Homenick@gmail.com,51.4492,-0.562956,25
Nicolas,Kiehn,Nicolas Kiehn,G44 5TW,+447979423977,Nicolas.Kiehn40@yahoo.com,55.814173,-4.257239,44
Kris,Predovic,Kris Predovic,IP4 5RJ,+449945844397,Kris_Predovic@hotmail.com,52.064102,1.208269,40
Clinton,Christiansen,Clinton Christiansen,WR15 8QT,+449008508064,Clinton_Christiansen72@hotmail.com,52.295834,-2.478039,54
Soledad,Tromp-West,Soledad Tromp-West,LN6 7NB,+442499386848,Soledad.Tromp-West@gmail.com,53.209007,-0.570915,74
Elva,Hauck,Elva Hauck,KA16 9ES,+445938702323,Elva.Hauck57@gmail.com,55.608137,-4.333394,74
Delmer,Dicki,Delmer Dicki,G3 8JW,+446328203456,Delmer.Dicki@gmail.com,55.862315,-4.276907,62
Dorcas,Maggio,Dorcas Maggio,TW15 3PW,+446232473309,Dorcas.Maggio97@yahoo.com,51.429613,-0.477402,20
Alexandrea,Brekke,Alexandrea Brekke,B34 6PZ,+448663538385,Alexandrea_Brekke@hotmail.com,52.499926,-1.783569,4
Delores,Schamberger,Delores Schamberger,CF44 8ED,+443689965428,Delores_Schamberger@hotmail.com,51.71864,-3.453226,63
Henderson,Hartmann,Henderson Hartmann,E13 0LY,+443573941522,Henderson_Hartmann19@hotmail.com,51.535986,0.022413,64
Bell,Reichert,Bell Reichert,SA4 8JY,+449364489163,Bell_Reichert@gmail.com,51.710547,-4.02485,84
Deion,Frami,Deion Frami,M34 3PP,+447444930266,Deion_Frami@hotmail.com,53.456401,-2.117441,30
Rick,Fay,Rick Fay,IP17 3HY,+442797264660,Rick.Fay@hotmail.com,52.27176,1.501115,87
Taylor,Hodkiewicz,Taylor Hodkiewicz,N17 7LD,+444489041157,Taylor.Hodkiewicz@yahoo.com,51.60565,-0.089637,65
Rosalee,Schmeler,Rosalee Schmeler,EH7 5QS,+444877079199,Rosalee_Schmeler@yahoo.com,55.962222,-3.166969,74
Alisa,Senger,Alisa Senger,M34 3JS,+445946438858,Alisa_Senger@gmail.com,53.45607,-2.115934,82
Barton,Rippin,Barton Rippin,S66 7QZ,+449388042872,Barton_Rippin89@hotmail.com,53.435811,-1.163748,3
Edythe,Trantow,Edythe Trantow,RG45 6TU,+446586081940,Edythe.Trantow@yahoo.com,51.378501,-0.809011,42
Milton,Wehner,Milton Wehner,NN7 4RE,+443376211102,Milton_Wehner@hotmail.com,52.226256,-1.088618,18
Gerard,Brakus,Gerard Brakus,N19 4QN,+445853026948,Gerard.Brakus@yahoo.com,51.570354,-0.121895,61
Davion,Harris,Davion Harris,GL52 6NP,+447922646442,Davion.Harris89@gmail.com,51.888843,-2.042054,28
Ted,Stiedemann,Ted Stiedemann,SY22 6DE,+449243706175,Ted.Stiedemann@yahoo.com,52.711339,-3.257357,67
Angie,Stiedemann-Reinger,Angie Stiedemann-Reinger,CM20 3HJ,+446669189682,Angie.Stiedemann-Reinger@yahoo.com,51.769211,0.116365,88
June,Sanford,June Sanford,TF7 5LY,+443489548453,June.Sanford@hotmail.com,52.639534,-2.460013,100
Cordia,Abshire,Cordia Abshire,RG18 9SL,+449152820945,Cordia.Abshire@yahoo.com,51.450207,-1.275209,3
Benny,Ernser,Benny Ernser,KT14 6RT,+443014405645,Benny_Ernser75@hotmail.com,51.333297,-0.497848,80
Michele,Farrell,Michele Farrell,DY1 2BE,+446377559046,Michele_Farrell@hotmail.com,52.509576,-2.098374,5
Wayne,Mante,Wayne Mante,SA11 1UH,+449276419986,Wayne.Mante@hotmail.com,51.654241,-3.802169,14
Adalberto,Mohr,Adalberto Mohr,LL11 5UT,+448059596237,Adalberto_Mohr@hotmail.com,53.072897,-3.100333,52
Milan,Daugherty,Milan Daugherty,SG14 1NB,+442532467265,Milan_Daugherty15@hotmail.com,51.798764,-0.091866,58
Earnest,Bruen,Earnest Bruen,SO15 8PY,+443489693042,Earnest.Bruen@gmail.com,50.919978,-1.434442,45
Valentina,Hammes,Valentina Hammes,BD99 2XG,+443608024891,Valentina.Hammes14@yahoo.com,53.793357,-1.783786,29
Lesly,Pouros,Lesly Pouros,W4 2UJ,+443785109773,Lesly_Pouros60@hotmail.com,51.491534,-0.262564,80
Sofia,Lowe,Sofia Lowe,TW98 9YZ,+446727812263,Sofia.Lowe89@gmail.com,null,null,44
Joyce,Kilback,Joyce Kilback,G31 2TX,+442636655727,Joyce.Kilback86@hotmail.com,55.861354,-4.211346,18
Fabiola,Ernser,Fabiola Ernser,NE63 0LQ,+443669458108,Fabiola.Ernser4@gmail.com,55.173468,-1.563586,27
Alberto,Rutherford,Alberto Rutherford,NW6 4NU,+449103384744,Alberto.Rutherford@hotmail.com,51.539044,-0.193051,97
Lester,Mertz,Lester Mertz,CF62 8DL,+446928617614,Lester_Mertz@yahoo.com,51.404997,-3.272775,78
Schuyler,Goyette,Schuyler Goyette,PO6 4TP,+443484313127,Schuyler_Goyette8@gmail.com,50.84086,-1.097076,45
Bridget,Wisoky,Bridget Wisoky,YO18 7JY,+443618450286,Bridget.Wisoky4@hotmail.com,54.235247,-0.682067,64
Abraham,Yundt,Abraham Yundt,NG34 8UE,+448369562081,Abraham_Yundt69@yahoo.com,53.008471,-0.414739,96
Eva,Rowe,Eva Rowe,RG18 9EH,+447768874721,Eva.Rowe@yahoo.com,51.439891,-1.306061,31
Lavern,Franey,Lavern Franey,GU7 1AW,+446236167113,Lavern.Franey@hotmail.com,51.185401,-0.614084,90
Peyton,Kautzer,Peyton Kautzer,EX34 9EE,+449517587674,Peyton_Kautzer20@gmail.com,51.209978,-4.116177,29
Arch,Ernser,Arch Ernser,BT40 2WA,+449479382115,Arch_Ernser@yahoo.com,54.863174,-5.850737,77
Amber,Hodkiewicz,Amber Hodkiewicz,G13 1TN,+449454551543,Amber.Hodkiewicz@hotmail.com,55.885104,-4.350184,84
Scarlett,Greenfelder,Scarlett Greenfelder,BT38 9DD,+447302080679,Scarlett.Greenfelder10@gmail.com,54.760006,-5.781259,51
Treva,Pfeffer,Treva Pfeffer,DE7 6DJ,+445478445732,Treva.Pfeffer@gmail.com,52.979522,-1.425875,31
Davon,Schiller,Davon Schiller,AL1 3LT,+448275707502,Davon_Schiller@yahoo.com,51.752091,-0.336684,33
Emmett,Barton,Emmett Barton,SA2 0TZ,+443028583651,Emmett.Barton@hotmail.com,51.6236,-3.978845,44
Janelle,Quigley,Janelle Quigley,IP25 7GY,+442445311795,Janelle.Quigley@gmail.com,52.582854,0.815226,9
Clifton,Flatley,Clifton Flatley,IG10 4BT,+443307185409,Clifton.Flatley@yahoo.com,51.647417,0.052274,26
Eldridge,Waelchi,Eldridge Waelchi,S2 1WA,+446437883976,Eldridge.Waelchi@gmail.com,53.377601,-1.433542,20
Kavon,Becker,Kavon Becker,LL23 7PR,+448335888053,Kavon_Becker56@yahoo.com,52.90626,-3.528774,35
Thad,Bednar-King,Thad Bednar-King,RM9 6NA,+448289193374,Thad_Bednar-King@gmail.com,51.534936,0.142783,81
Elfrieda,Harris,Elfrieda Harris,SN13 9BL,+447713938994,Elfrieda_Harris@hotmail.com,51.431208,-2.187694,86
Frederik,Jacobs,Frederik Jacobs,YO32 5AT,+449997782689,Frederik_Jacobs@yahoo.com,54.033051,-1.042443,16
Earline,Metz,Earline Metz,HU15 1JS,+446163830019,Earline.Metz27@gmail.com,53.736585,-0.567156,12
Mikel,Kshlerin,Mikel Kshlerin,KY2 9EW,+449302775853,Mikel_Kshlerin50@yahoo.com,56.111849,-3.172218,39
Jeanie,Macejkovic,Jeanie Macejkovic,LE17 4XL,+448436602009,Jeanie.Macejkovic84@yahoo.com,52.45988,-1.217312,38
Taylor,Abernathy,Taylor Abernathy,CT13 9FY,+449326930500,Taylor_Abernathy@yahoo.com,51.275818,1.336644,17
Horacio,Harris,Horacio Harris,KT2 5BA,+442719392946,Horacio.Harris22@yahoo.com,51.419863,-0.304289,23
Jennyfer,Beier,Jennyfer Beier,PL5 4BN,+448136316449,Jennyfer_Beier@gmail.com,50.416141,-4.148035,5
Shane,Welch,Shane Welch,M16 0GF,+445425112406,Shane.Welch@yahoo.com,53.449658,-2.280419,19
Rosemarie,Green,Rosemarie Green,CV22 6EY,+444408049014,Rosemarie.Green56@yahoo.com,52.355944,-1.272493,57
Bianka,Kemmer,Bianka Kemmer,NE1 2JD,+447953852920,Bianka_Kemmer@hotmail.com,54.972895,-1.6043,63
Rocio,Hackett,Rocio Hackett,B77 4RP,+445918334876,Rocio.Hackett25@yahoo.com,52.626758,-1.648875,81
Colleen,Brekke,Colleen Brekke,CW1 3RQ,+446558046435,Colleen.Brekke@gmail.com,53.11303,-2.454538,14
Madelyn,Okuneva-Hirthe,Madelyn Okuneva-Hirthe,BA15 2LN,+448142008781,Madelyn.Okuneva-Hirthe61@yahoo.com,51.347587,-2.28812,50
Taylor,Wiegand,Taylor Wiegand,HU20 3UN,+444807045785,Taylor.Wiegand55@yahoo.com,53.791973,-0.52554,6
Kiarra,Ryan,Kiarra Ryan,HP11 2LB,+444426919620,Kiarra_Ryan96@hotmail.com,51.633931,-0.763202,91
Vaughn,Gulgowski,Vaughn Gulgowski,E9 5DQ,+442286042904,Vaughn.Gulgowski46@gmail.com,51.544832,-0.034061,13
Joaquin,Hand,Joaquin Hand,NE63 9PQ,+448354033008,Joaquin_Hand48@yahoo.com,55.174206,-1.553828,84
Jessie,Gislason,Jessie Gislason,LL77 7SE,+443325529692,Jessie_Gislason@gmail.com,53.248707,-4.292931,25
Don,Gislason,Don Gislason,G31 3LL,+447095255839,Don.Gislason@gmail.com,55.863236,-4.20765,9
Roberto,Zulauf,Roberto Zulauf,DY14 0ET,+446069718771,Roberto.Zulauf@gmail.com,52.401518,-2.555362,99
Nick,Christiansen,Nick Christiansen,SA68 0XB,+447869267038,Nick_Christiansen49@yahoo.com,51.739904,-4.728734,20
Gaston,Walsh,Gaston Walsh,YO7 3TJ,+445354977650,Gaston.Walsh86@yahoo.com,54.221468,-1.363021,79
Elliot,Cassin,Elliot Cassin,BL6 7JF,+448104355373,Elliot_Cassin88@yahoo.com,53.601895,-2.553221,59
Guido,Kuphal,Guido Kuphal,BD16 3EN,+449403580826,Guido.Kuphal70@hotmail.com,53.857464,-1.813954,98
Baby,Block,Baby Block,NG5 8EQ,+443886932800,Baby.Block40@yahoo.com,53.009329,-1.106297,82
Nico,Mann,Nico Mann,CV31 1BT,+446765013607,Nico_Mann33@hotmail.com,52.286513,-1.523805,0
Catharine,Oberbrunner,Catharine Oberbrunner,NP23 5JJ,+444403439120,Catharine.Oberbrunner34@yahoo.com,51.797632,-3.20871,36
Izabella,Hyatt,Izabella Hyatt,DE14 1HS,+442635606599,Izabella.Hyatt25@hotmail.com,52.80206,-1.62924,4
Cicero,Beahan,Cicero Beahan,DY10 3HH,+442894516194,Cicero_Beahan@yahoo.com,52.380095,-2.231112,86
Dillan,Wilderman,Dillan Wilderman,ST16 1JB,+448544067322,Dillan_Wilderman78@gmail.com,52.821089,-2.132854,80
Barry,Gibson,Barry Gibson,IP4 5LS,+448327864684,Barry.Gibson@hotmail.com,52.057978,1.191999,74
Rachelle,Bogan,Rachelle Bogan,NN11 3YP,+443696139448,Rachelle_Bogan72@yahoo.com,52.20017,-1.219917,39
Noemy,Blanda,Noemy Blanda,EC2R 8HP,+449985528872,Noemy.Blanda17@yahoo.com,51.514226,-0.086545,37
Jennie,Gerhold,Jennie Gerhold,NG34 0FH,+446288693771,Jennie.Gerhold@hotmail.com,52.892836,-0.343324,78
Cristian,Bergnaum,Cristian Bergnaum,B60 4BD,+442234000619,Cristian_Bergnaum94@yahoo.com,52.298738,-2.075483,4
Sienna,Bayer,Sienna Bayer,PA4 8ZP,+447535880441,Sienna.Bayer78@gmail.com,55.87645,-4.375849,18
Kamryn,Hermann,Kamryn Hermann,N9 8PR,+443972537594,Kamryn.Hermann@gmail.com,51.630026,-0.04473,17
Aileen,Hilll,Aileen Hilll,GY1 3TT,+449319333555,Aileen_Hilll@gmail.com,null,null,46
Ivah,Cassin,Ivah Cassin,WD6 4NT,+449994557673,Ivah_Cassin@hotmail.com,51.661922,-0.289424,86
Clement,Reynolds-Raynor,Clement Reynolds-Raynor,CM15 0SX,+446686292208,Clement.Reynolds-Raynor@gmail.com,51.661413,0.339238,5
Rita,Walker,Rita Walker,BS3 3JS,+442767891539,Rita.Walker52@yahoo.com,51.437274,-2.609078,17
Darrel,Greenholt,Darrel Greenholt,SP11 8PE,+445615386831,Darrel_Greenholt@hotmail.com,51.225815,-1.599683,45
Haley,Schumm,Haley Schumm,TN27 0BA,+447066694167,Haley.Schumm@yahoo.com,51.210935,0.760591,93
Eldon,Runolfsson,Eldon Runolfsson,ST7 1TB,+445565922430,Eldon_Runolfsson74@hotmail.com,53.074747,-2.254973,99
Mafalda,Cartwright,Mafalda Cartwright,SK8 7EU,+447484492682,Mafalda_Cartwright@gmail.com,53.364049,-2.178617,39
Flavio,Bartell,Flavio Bartell,HA5 3EH,+449999748975,Flavio_Bartell@hotmail.com,51.594929,-0.38332,96
Stan,Schowalter,Stan Schowalter,CV31 3ES,+444592473385,Stan_Schowalter@gmail.com,52.275158,-1.53275,31
Creola,Kuhn,Creola Kuhn,M22 5LT,+445486203070,Creola.Kuhn@yahoo.com,53.367795,-2.240955,21
Elyssa,Stoltenberg,Elyssa Stoltenberg,SL9 8PJ,+449718068824,Elyssa.Stoltenberg@gmail.com,51.589282,-0.552173,62
Parker,Hessel,Parker Hessel,CO11 2XH,+449182627542,Parker.Hessel@hotmail.com,51.925535,1.108163,95
Drake,Bayer-Koelpin,Drake Bayer-Koelpin,LA5 9SS,+442989451769,Drake.Bayer-Koelpin@yahoo.com,54.133207,-2.7589,68
Dayana,Dicki,Dayana Dicki,WF1 4LH,+449244130615,Dayana.Dicki47@yahoo.com,53.686737,-1.488808,48
Mariam,Beer,Mariam Beer,RG17 8PH,+444503339411,Mariam_Beer@yahoo.com,51.506007,-1.528763,46
Marina,Gleason,Marina Gleason,SK6 5JY,+447099492998,Marina_Gleason@yahoo.com,53.416431,-2.05128,53
Wilfredo,Leffler,Wilfredo Leffler,NN1 3LH,+444917091280,Wilfredo_Leffler35@gmail.com,52.242839,-0.885798,89
Sasha,Muller,Sasha Muller,BN50 9UY,+444338033967,Sasha.Muller@yahoo.com,50.826328,-0.140791,85
Mattie,Rodriguez,Mattie Rodriguez,RG4 8BZ,+443217508718,Mattie_Rodriguez19@yahoo.com,51.465007,-0.971689,17
Anibal,Von,Anibal Von,CR3 5TS,+445194232030,Anibal.Von18@gmail.com,51.289118,-0.09266,17
Magdalen,Grady,Magdalen Grady,IP21 5AR,+443128645047,Magdalen_Grady@gmail.com,52.349857,1.200104,55
Jevon,Hackett-Nicolas,Jevon Hackett-Nicolas,NP22 4AS,+446953727533,Jevon.Hackett-Nicolas@hotmail.com,51.786786,-3.253612,59
Novella,Renner,Novella Renner,DL7 0TE,+446494504716,Novella.Renner64@hotmail.com,54.363204,-1.548016,98
Emanuel,Wolf,Emanuel Wolf,SN7 8FZ,+447084555488,Emanuel.Wolf39@yahoo.com,51.638516,-1.515543,56
Ressie,Medhurst,Ressie Medhurst,RG40 5SP,+448606628997,Ressie_Medhurst@hotmail.com,51.421746,-0.829704,85
Deon,Kub,Deon Kub,GU14 6DG,+449282407822,Deon_Kub83@gmail.com,51.279583,-0.750863,78
Jovani,Kub,Jovani Kub,EX4 2NL,+447189011375,Jovani_Kub89@yahoo.com,50.732527,-3.558869,50
Selina,Rogahn,Selina Rogahn,NR12 9RN,+447408344731,Selina.Rogahn@gmail.com,52.762868,1.52939,91
Laron,Labadie,Laron Labadie,TQ13 9FW,+446637104292,Laron_Labadie7@hotmail.com,50.578846,-3.67612,45
Dennis,Borer,Dennis Borer,CT3 1QY,+449244839449,Dennis.Borer35@gmail.com,51.275574,1.18262,54
Destini,Feil,Destini Feil,DT1 2BB,+442778864990,Destini_Feil91@hotmail.com,50.70532,-2.438337,74
Stanford,Kiehn,Stanford Kiehn,NR19 2TP,+448549283853,Stanford.Kiehn51@hotmail.com,52.67871,0.932595,0
Omer,Koelpin,Omer Koelpin,AB10 7JR,+446253487189,Omer.Koelpin85@gmail.com,57.126923,-2.12164,14
Modesta,Trantow,Modesta Trantow,SE26 6XN,+445606895867,Modesta_Trantow@gmail.com,51.42468,-0.059491,22
Kayley,Russel,Kayley Russel,PL19 9NT,+442926702858,Kayley_Russel@hotmail.com,50.579811,-4.09575,62
Cory,Skiles,Cory Skiles,RM18 8TS,+445994015333,Cory.Skiles@hotmail.com,51.482628,0.397603,66
August,Johns,August Johns,ST4 7LT,+447135286900,August_Johns@yahoo.com,53.007723,-2.188974,48
Rebecca,Hermiston,Rebecca Hermiston,NG17 9BU,+448058125370,Rebecca.Hermiston@yahoo.com,53.079903,-1.246537,52
Sid,Rogahn,Sid Rogahn,CM0 7SD,+445023366458,Sid_Rogahn@hotmail.com,51.701752,0.863267,91
Maudie,Auer,Maudie Auer,LE7 9RX,+448813972846,Maudie_Auer@yahoo.com,52.629555,-1.031795,63
Dorcas,Hilpert,Dorcas Hilpert,BL0 0AU,+442423965780,Dorcas.Hilpert@hotmail.com,53.647316,-2.307823,79
Eliseo,Crist,Eliseo Crist,DD11 1JZ,+448662705746,Eliseo.Crist36@hotmail.com,56.561478,-2.584801,2
Lawrence,Runte,Lawrence Runte,LL30 3RF,+444554705599,Lawrence.Runte@gmail.com,53.320841,-3.771629,33
Ricky,Cruickshank,Ricky Cruickshank,LS25 2NY,+445889375281,Ricky_Cruickshank42@yahoo.com,53.796536,-1.371475,83
Rachael,Stehr,Rachael Stehr,N1P 2YU,+446297151994,Rachael_Stehr81@hotmail.com,51.53905,-0.103385,46
Tavares,Muller,Tavares Muller,SW1P 4BB,+449758838756,Tavares_Muller@hotmail.com,51.492218,-0.130958,65
Tessie,Balistreri,Tessie Balistreri,NN9 5AG,+448683297781,Tessie_Balistreri@gmail.com,52.328996,-0.713215,0
Elisa,Harvey,Elisa Harvey,SK22 2HB,+449598366192,Elisa_Harvey20@gmail.com,53.382572,-1.952243,36
Nola,Lueilwitz,Nola Lueilwitz,BH21 1UT,+442139088020,Nola.Lueilwitz75@hotmail.com,50.780689,-1.966836,5
Ellie,Nikolaus,Ellie Nikolaus,EH48 1NW,+449597110082,Ellie_Nikolaus@yahoo.com,55.895258,-3.613685,48
Archibald,Schneider,Archibald Schneider,KT12 5LR,+446658433352,Archibald_Schneider54@hotmail.com,51.366536,-0.403486,70
Anissa,Koch,Anissa Koch,BS8 1FH,+449072987957,Anissa_Koch67@hotmail.com,51.455437,-2.607361,75
Lesly,McDermott-Ondricka,Lesly McDermott-Ondricka,EH6 6RY,+443046871133,Lesly_McDermott-Ondricka@hotmail.com,55.974844,-3.168135,90
Neal,Willms-Feest,Neal Willms-Feest,BS1 6UB,+445174032241,Neal_Willms-Feest33@gmail.com,51.447082,-2.59558,49
Garth,Cassin,Garth Cassin,BS1 5TL,+446839058604,Garth_Cassin@gmail.com,51.451471,-2.602415,75
Napoleon,Schneider,Napoleon Schneider,WV6 7NN,+449774805020,Napoleon_Schneider@hotmail.com,52.597485,-2.200027,22
Herbert,Terry,Herbert Terry,CF39 9UP,+449816493110,Herbert.Terry66@hotmail.com,51.613732,-3.406615,71
Anika,Gorczany,Anika Gorczany,WA4 6SW,+449033419443,Anika_Gorczany76@gmail.com,53.36159,-2.606,8
Brenden,Jacobi,Brenden Jacobi,WC1N 2AT,+448126305979,Brenden_Jacobi@hotmail.com,51.521689,-0.115379,47
Gennaro,Fisher,Gennaro Fisher,HG4 3PH,+445139463573,Gennaro.Fisher62@gmail.com,54.128373,-1.637704,73
Emil,Murazik,Emil Murazik,SO32 2TS,+448796948749,Emil.Murazik89@yahoo.com,50.93672,-1.200138,37
Winfield,Mayert,Winfield Mayert,NN16 0BW,+445505758890,Winfield.Mayert9@yahoo.com,52.400388,-0.72537,73
Delphine,Deckow,Delphine Deckow,ST12 9HU,+446718071787,Delphine.Deckow70@yahoo.com,52.933098,-2.186044,23
Zoie,Bradtke,Zoie Bradtke,SO53 4TS,+445438617357,Zoie_Bradtke@hotmail.com,50.977575,-1.403787,69
Jaquelin,Gutmann,Jaquelin Gutmann,PE37 7PH,+444286208754,Jaquelin.Gutmann24@yahoo.com,52.638441,0.687355,49
Daija,Larson-Koch,Daija Larson-Koch,EC2A 4JH,+445467254777,Daija_Larson-Koch@hotmail.com,51.522611,-0.084045,37
Cheyenne,Hermiston,Cheyenne Hermiston,DE55 7NT,+445995016530,Cheyenne_Hermiston@gmail.com,53.092389,-1.419925,65
Angelo,Wuckert,Angelo Wuckert,HP20 2UX,+449917178545,Angelo_Wuckert90@yahoo.com,51.826321,-0.796333,8
Ivy,Watsica,Ivy Watsica,BN43 6AD,+445872912989,Ivy.Watsica5@yahoo.com,50.842519,-0.268496,83
Maxine,Rutherford,Maxine Rutherford,BD21 3PA,+443224079608,Maxine_Rutherford36@gmail.com,53.867577,-1.908938,79
Kane,Rutherford,Kane Rutherford,NP22 5QT,+445545898026,Kane_Rutherford@hotmail.com,51.775238,-3.301821,15
Dayne,Russel,Dayne Russel,PE29 9NS,+448642848916,Dayne_Russel42@hotmail.com,52.340667,-0.183939,54
Davin,Grant-Hand,Davin Grant-Hand,IP31 1TH,+449155825052,Davin.Grant-Hand@yahoo.com,52.264313,0.720178,19
Kaylin,Ritchie,Kaylin Ritchie,LL53 7YD,+446372993339,Kaylin.Ritchie@gmail.com,52.857287,-4.551214,87
Damion,Emmerich,Damion Emmerich,W8 7HR,+445718549819,Damion.Emmerich@hotmail.com,51.503196,-0.1963,89
Micaela,Wuckert,Micaela Wuckert,PE16 6EY,+443506827820,Micaela.Wuckert@yahoo.com,52.456369,0.051956,55
Alvah,Hartmann,Alvah Hartmann,MK16 8PS,+445673881969,Alvah_Hartmann@gmail.com,52.087979,-0.743931,21
Holly,Hodkiewicz,Holly Hodkiewicz,TA20 3NN,+445012060618,Holly_Hodkiewicz48@gmail.com,50.894338,-2.995687,62
Frankie,Huel,Frankie Huel,SO40 7DR,+443937705234,Frankie.Huel@gmail.com,50.899436,-1.51569,76
Hulda,Considine,Hulda Considine,DL12 8BN,+442367417468,Hulda.Considine@hotmail.com,54.555075,-1.920535,36
Sylvester,Gerhold,Sylvester Gerhold,SA3 4TR,+448005666926,Sylvester_Gerhold84@gmail.com,51.576291,-4.019956,100
Marlee,Klein-Cummerata,Marlee Klein-Cummerata,BB3 2DF,+448357596268,Marlee.Klein-Cummerata24@yahoo.com,53.693261,-2.459902,10
Anastacio,Parisian,Anastacio Parisian,HD2 1RE,+444752110791,Anastacio.Parisian32@hotmail.com,53.680382,-1.744895,48
Felicity,Klocko,Felicity Klocko,WV10 8SD,+445057313042,Felicity_Klocko79@gmail.com,52.617929,-2.100596,86
Maxie,Greenfelder,Maxie Greenfelder,TA21 0RZ,+445806000169,Maxie_Greenfelder@yahoo.com,51.001149,-3.316133,70
Haven,Jast,Haven Jast,TR1 9TT,+448077256172,Haven_Jast@gmail.com,50.25527,-5.046154,19
Casimir,Buckridge,Casimir Buckridge,NE61 2UW,+448955975840,Casimir_Buckridge@gmail.com,55.156453,-1.68144,36
Enrique,Gibson,Enrique Gibson,HR2 9TB,+447192193457,Enrique_Gibson56@hotmail.com,52.022758,-2.837386,40
Omer,Lakin,Omer Lakin,BD2 2EQ,+445307664157,Omer_Lakin68@hotmail.com,53.81994,-1.728937,16
Marjorie,Morissette,Marjorie Morissette,CV9 2FW,+449508097045,Marjorie_Morissette@yahoo.com,52.581331,-1.639203,95
Sandrine,Borer,Sandrine Borer,LS12 1UP,+449326698002,Sandrine_Borer70@hotmail.com,53.795791,-1.58724,97
Akeem,Rippin,Akeem Rippin,BT56 8GE,+442214681351,Akeem_Rippin@gmail.com,55.197603,-6.661123,38
Tad,Hane,Tad Hane,NP19 7GF,+443885044012,Tad_Hane@gmail.com,51.596996,-2.977428,66
Antoinette,Kemmer,Antoinette Kemmer,EH15 1QB,+443526758353,Antoinette.Kemmer13@hotmail.com,55.946504,-3.125714,4
Luisa,Wolf,Luisa Wolf,DD9 6RS,+446718268601,Luisa.Wolf@hotmail.com,56.724927,-2.786191,40
Edmond,Heller,Edmond Heller,MK3 7PA,+442362870906,Edmond.Heller@gmail.com,52.009739,-0.749037,91
Jordi,Oberbrunner,Jordi Oberbrunner,BD10 0JJ,+445508627362,Jordi_Oberbrunner@hotmail.com,53.818001,-1.710662,19
Darlene,Turner,Darlene Turner,PE25 1QB,+445584286059,Darlene_Turner24@hotmail.com,53.150209,0.340322,79
Maribel,Turcotte,Maribel Turcotte,ME17 1LG,+442936160913,Maribel.Turcotte@yahoo.com,51.239324,0.665047,35
Camron,Swift,Camron Swift,SK15 2TF,+446763883701,Camron_Swift18@hotmail.com,53.478321,-2.03897,31
Timmothy,Bradtke,Timmothy Bradtke,G13 3QS,+443903624533,Timmothy_Bradtke@yahoo.com,55.892171,-4.342519,64
Mekhi,Stanton,Mekhi Stanton,M40 1NB,+448478888531,Mekhi_Stanton91@yahoo.com,53.495009,-2.173575,67
Earnest,Ernser,Earnest Ernser,S40 2QL,+442283957258,Earnest.Ernser54@hotmail.com,53.230639,-1.444021,78
Jarrell,Ernser,Jarrell Ernser,BH19 1LL,+448319411779,Jarrell_Ernser62@yahoo.com,50.620966,-1.959752,30
Lera,Fisher,Lera Fisher,LE8 0PP,+447884554632,Lera_Fisher66@yahoo.com,52.558042,-0.946913,9
Glenna,Quitzon,Glenna Quitzon,TA7 9HR,+448606113523,Glenna_Quitzon65@hotmail.com,51.149602,-2.86206,8
Abe,Rogahn,Abe Rogahn,NE61 9HB,+442435317136,Abe.Rogahn@hotmail.com,55.167865,-1.69196,21
Josh,Heaney,Josh Heaney,HA9 9TJ,+444787873607,Josh.Heaney31@hotmail.com,51.574652,-0.290784,26
Elna,Ortiz,Elna Ortiz,ST4 5FD,+442293998162,Elna.Ortiz@hotmail.com,52.986881,-2.202453,65
Cordia,Lang,Cordia Lang,BD1 2NT,+448302656067,Cordia_Lang@yahoo.com,53.794284,-1.760692,50
Elisa,Rice,Elisa Rice,N17 0FL,+447998196859,Elisa_Rice77@hotmail.com,51.593862,-0.071579,56
Kavon,Emmerich,Kavon Emmerich,PO36 0NQ,+443597596355,Kavon.Emmerich77@hotmail.com,50.665597,-1.207105,33
